title,country,variety,points,price
Ca' del Bosco NV Cuvée Prestige Rosé Sparkling (Franciacorta),Italy,Sparkling Blend,89,60.0
Robert Hall 2011 Sauvignon Blanc (Paso Robles),US,Sauvignon Blanc,86,14.0
Banfi 1999  Brachetto d'Acqui,Italy,Sangiovese,87,23.0
Lapostolle 2000 Sauvignon Blanc (Rapel Valley),Chile,Sauvignon Blanc,86,9.0
Apex 2011 The Catalyst Red (Columbia Valley (WA)),US,Red Blend,88,18.0
Tablas Creek 2012 Patelin de Tablas Red (Paso Robles),US,Rhône-style Red Blend,87,20.0
Quinta de Soalheiro 2016 Alvarinho (Vinho Verde),Portugal,Alvarinho,91,20.0
Domaine Pouillon 2012 Blanc du Moulin Roussanne (Horse Heaven Hills),US,Roussanne,87,26.0
Itsas Mendi 2011 Hondarrabi Zuri (Bizkaiko Txakolina),Spain,Hondarrabi Zuri,88,20.0
A2O 2006 Albariño (Rías Baixas),Spain,Albariño,88,22.0
Santa Alba 2013 Reserve Chardonnay (Maule Valley),Chile,Chardonnay,83,10.0
Ben Hogan 2008 Tribute Series Cabernet Sauvignon (Paso Robles),US,Cabernet Sauvignon,85,27.0
Cottonwood Winery of Oregon 2012 Marina Piper Pinot Noir (Willamette Valley),US,Pinot Noir,88,22.0
Domaine Gérard Neumeyer 2012 Le Berger Pinot Gris (Alsace),France,Pinot Gris,89,25.0
Monte del Frá 2010 Tenuta Lena di Mezzo  (Valpolicella Classico Superiore Ripasso),Italy,"Corvina, Rondinella, Molinara",88,24.0
Statti 2007 Gaglioppo (Calabria),Italy,Gaglioppo,88,18.0
Château Peynaud-Bagnac 2012  Bordeaux,France,Bordeaux-style Red Blend,89,10.0
WillaKenzie Estate 2004 Kiana Pinot Noir (Willamette Valley),US,Pinot Noir,88,45.0
Viña Cobos 2009 Cobos Marchiori Vineyard Malbec (Perdriel),Argentina,Malbec,92,175.0
Adami NV Bosco di Gica Brut  (Prosecco di Valdobbiadene),Italy,Prosecco,87,18.0
Tarara 2008 Viognier (Virginia),US,Viognier,84,30.0
Cescon Italo Storia e Vini 2009 Il Tralcetto Raboso (Piave),Italy,Raboso,87,14.0
Château du Seuil 2015 Domaine du Seuil  (Bordeaux Blanc),France,Bordeaux-style White Blend,85,30.0
Ceretto 2014  Barbaresco,Italy,Nebbiolo,90,51.0
Horse & Plow 2009 Testa Vineyard Zinfandel (Mendocino),US,Zinfandel,84,22.0
Foxen 2009 Bien Nacido Vineyard Block 8 Pinot Noir (Santa Maria Valley),US,Pinot Noir,92,56.0
Gloria Ferrer 2012 Jose S. Ferrer Selection Pinot Noir (Carneros),US,Pinot Noir,88,50.0
Zonin 2007 Pinot Grigio Pinot Grigio (Delle Venezie),Italy,Pinot Grigio,83,9.0
Ded.Reckoning 2015 Sauvignon Blanc (Columbia Valley (WA)),US,Sauvignon Blanc,88,15.0
Conarium 2012 Chardonnay (Sonoma Coast),US,Chardonnay,88,22.0
Schmitges 2011 Riesling (Mosel),Germany,Riesling,90,17.0
Citille di Sopra 2015  Rosso di Montalcino,Italy,Sangiovese,89,32.0
Flora Springs 2014 Wild Boar Vineyard Cabernet Sauvignon (Napa Valley),US,Cabernet Sauvignon,90,125.0
Ponzi 2013 Aurora Vineyard Chardonnay (Willamette Valley),US,Chardonnay,94,60.0
Viña Chocalan 2010 Selección Cabernet Sauvignon (Maipo Valley),Chile,Cabernet Sauvignon,88,12.0
Bernardus 2006 Chardonnay (Monterey County),US,Chardonnay,89,20.0
Bocopa 2015 Conde de Alicante Selección Rosé (Alicante),Spain,Rosé,86,9.0
Broglia 2014 La Meirana del Comune di Gavi  (Gavi),Italy,Cortese,85,15.0
Tosalet 2009 Vinyes Velles Old Vines Red (Priorat),Spain,Red Blend,87,20.0
Johannishof 2013 Rüdesheimer Berg Rottland Spätlese Riesling (Rheingau),Germany,Riesling,92,44.0
Bonterra 2011 Riesling (Lake County-Mendocino County),US,Riesling,87,14.0
Woodinville Wine Cellars 2013 Sauvignon Blanc (Columbia Valley (WA)),US,Sauvignon Blanc,91,18.0
Le Bertille 2013  Chianti Colli Senesi,Italy,Red Blend,87,19.0
Solomon Hills 2012 Pinot Noir (Santa Maria Valley),US,Pinot Noir,94,60.0
Château Vieux Cardinal Lafaurie 2011  Lalande de Pomerol,France,Bordeaux-style Red Blend,90,28.0
MandraRossa 2016 Costa Dune Nero d'Avola (Sicilia),Italy,Nero d'Avola,87,11.0
Dante Robere 2013 Love Ranch Vineyard Mourvèdre (Madera),US,Mourvèdre,87,31.0
Dürnberg 2015 Falko Cuvée White (Niederösterreich),Austria,White Blend,89,15.0
Markham 2007 The Philanthropist Yountville Estate Vineyard Cabernet Sauvignon (Napa Valley),US,Cabernet Sauvignon,88,52.0
Quinta da Alorna 2011 Portal da Aguia Tinto Red (Tejo),Portugal,Portuguese Red,87,11.0
Rio Seco 2007 Estate Bottled Malbec (Mendoza),Argentina,Malbec,80,8.0
Chanson Père et Fils 2009 Clos des Fèves Premier Cru  (Beaune),France,Pinot Noir,93,107.0
Columbia Crest 2013 Beverly Vineyard Reserve Cabernet Franc (Columbia Valley (WA)),US,Cabernet Franc,90,40.0
Terre Rouge 2010 Mourvèdre (Sierra Foothills),US,Mourvèdre,92,25.0
El Coto 2013 Viura (Rioja),Spain,Viura,84,11.0
Two Paddocks 2015 The First Paddock Proprietor's Reserve Pinot Noir (Central Otago),New Zealand,Pinot Noir,91,79.0
Il Colombaio di Cencio 2010 I Massi  (Chianti Classico),Italy,Sangiovese,87,15.0
Torbreck 2007 Descendant Shiraz-Viognier (Barossa Valley),Australia,Shiraz-Viognier,94,105.0
Clos La Chance 2012 Erwin Vineyard Pinot Noir (Santa Cruz Mountains),US,Pinot Noir,93,50.0
Canneto 2014  Rosso di Montepulciano,Italy,Red Blend,86,17.0
Pratesi 2012 Carmione Red (Toscana),Italy,Red Blend,89,30.0
Decoy 2006 Red Wine Red (Napa Valley),US,Bordeaux-style Red Blend,85,30.0
Fattoi 2008 Riserva  (Brunello di Montalcino),Italy,Sangiovese,92,120.0
Pinord 2011 M Marrugat Gran Reserva Brut Nature Millésime Sparkling (Cava),Spain,Sparkling Blend,84,20.0
Fattoria di Petrognano 2013 Meme  (Chianti),Italy,Red Blend,86,12.0
Ku Dé Ta 2006 Malbec (Mendoza),Argentina,Malbec,80,10.0
Alamos 2012 Cabernet Sauvignon (Mendoza),Argentina,Cabernet Sauvignon,87,12.0
Basel Cellars 2005 Pheasant Run Vineyard Cabernet Sauvignon (Walla Walla Valley (WA)),US,Cabernet Sauvignon,85,36.0
Loacker 2012 Valdifalco  (Morellino di Scansano),Italy,Red Blend,88,16.0
Gray Ghost 2009 Reserve Cabernet Sauvignon (Virginia),US,Cabernet Sauvignon,85,40.0
Domaine Chandon NV étoile Brut Sparkling (North Coast),US,Sparkling Blend,90,40.0
Adirondack Winery 2015 Island Sunset Cabernet Franc Rosé (New York),US,Rosé,88,16.0
Golan Heights Winery 2007 Yarden Yonatan Vineyard Syrah (Galilee),Israel,Syrah,91,50.0
Joseph Jewell 2013 Pinot Noir (Russian River Valley),US,Pinot Noir,88,34.0
Vignobles Berthier 2012 Domaine des Clairneaux Rosé (Sancerre),France,Rosé,88,26.0
Lamoreaux Landing 2011 Estate Bottled Yellow Dog Vineyard Riesling (Finger Lakes),US,Riesling,85,20.0
Siduri 2013 Pinot Noir (Sta. Rita Hills),US,Pinot Noir,90,34.0
Testarossa 2008 Graham Family Vineyard Pinot Noir (Russian River Valley),US,Pinot Noir,87,54.0
Stickybeak 2010 Cabernet Sauvignon (Napa Valley),US,Cabernet Sauvignon,85,20.0
The Dot 2015 Austrian Cherry Zweigelt (Niederösterreich),Austria,Zweigelt,89,13.0
Qupé 2015 Sawyer-Lindquist Vineyard Marsanne (Edna Valley),US,Marsanne,91,28.0
Wieninger 2013 Bisamberg White (Wiener Gemischter Satz),Austria,Austrian white blend,90,35.0
Domaine Moillard 2005  Clos de Vougeot,France,Pinot Noir,94,190.0
Domaine Houchart 2008 Rosé (Côtes de Provence),France,Rosé,83,12.0
Holman Ranch 2010 Rosé of Pinot Noir (Carmel Valley),US,Pinot Noir,82,22.0
Acquiesce 2015 Viognier (Lodi),US,Viognier,87,24.0
Jaffelin 2010  Chassagne-Montrachet,France,Chardonnay,86,50.0
Vins El Cep 2010 Cla Ror Gran Reserva Brut Nature Sparkling (Cava),Spain,Sparkling Blend,90,28.0
Wise Villa 2014 Estate Torrontés (Alta Mesa),US,Torrontés,90,30.0
Midnight 2005 Malbec (Paso Robles),US,Malbec,82,28.0
Monticello Vineyards 2009 Tietjen Vineyard Cabernet Sauvignon (Rutherford),US,Cabernet Sauvignon,92,72.0
Alex Gambal 2014  Fixin,France,Chardonnay,90,38.0
Viberti 2007 Bricco delle Viole Riserva  (Barolo),Italy,Nebbiolo,90,105.0
Montevina 1997 Terra D'Oro Zinfandel (Amador County),US,Zinfandel,87,16.0
Landhaus Mayer 2014 Riesling (Niederösterreich),Austria,Riesling,88,18.0
Château Gauthier 2010  Blaye Côtes de Bordeaux,France,Bordeaux-style Red Blend,89,15.0
Damiani 2014 Bollicini Sparkling (Finger Lakes),US,Sparkling Blend,86,16.0
Barone Pizzini 2009 Bagnadore Metodo Classico Riserva Sparkling (Franciacorta),Italy,Sparkling Blend,91,60.0
St. Francis 2007 Cuvée Lago Red (Russian River Valley),US,Red Blend,84,40.0
Château les Crostes 2014 Rosé (Côtes de Provence),France,Rosé,88,24.0
Global Wines 2015 Grilos Red (Dão),Portugal,Portuguese Red,87,7.0
Mt. Beautiful 2013 Sauvignon Blanc (Canterbury),New Zealand,Sauvignon Blanc,89,17.0
Ravoire et Fils 2014 Florette Rosé (Coteaux Varois en Provence),France,Rosé,84,13.0
Vignobles de Balma Venitia 2011 Domaine du Paparotier  (Muscat de Beaumes de Venise),France,Muscat,83,30.0
Saint Clair 2010 Pioneer Block 22 Barn Block Pinot Noir (Marlborough),New Zealand,Pinot Noir,91,30.0
Bernardus 2000 Pinot Noir (Santa Barbara County),US,Pinot Noir,85,28.0
Domaine de Magalanne 2012 Terre de Galets Signargues Red (Côtes du Rhône Villages),France,Rhône-style Red Blend,85,18.0
Dion 2014 Old Vines Pinot Noir (Chehalem Mountains),US,Pinot Noir,94,50.0
Jacob Williams 2010 Eagle Ranch Vineyard Cabernet Sauvignon (Columbia Valley (OR)),US,Cabernet Sauvignon,86,35.0
Bodegas Ondalan 2014 100 Abades  (Rioja),Spain,Graciano,87,40.0
Bailiwick 2010 Borderline Pinot Noir (Marin County),US,Pinot Noir,89,36.0
Lava Cap 2013 Petite Sirah (El Dorado),US,Petite Sirah,90,32.0
Michael Mondavi Family Estate 2012 Emblem Oso Vineyard Cabernet Sauvignon (Napa Valley),US,Cabernet Sauvignon,91,60.0
Ledson 2014 Caudalies Red (Sonoma Valley),US,Red Blend,86,56.0
Bargetto 2008 Old Vine Zinfandel Zinfandel (Lodi),US,Zinfandel,83,20.0
Vale da Corça 2011 Brunheda Reserva Red (Douro),Portugal,Portuguese Red,88,35.0
Guicciardini Strozzi 2015 Titolato Strozzi  (Chianti Colli Senesi),Italy,Sangiovese,87,19.0
Vadio Wines 2005 Vadio Baga (Bairrada),Portugal,Baga,88,35.0
Gundlach Bundschu 2014 Mountain Cuvée Red (Sonoma County),US,Bordeaux-style Red Blend,88,20.0
Thornton 2000 Miramonte Vineyards Pinot Blanc (South Coast),US,Pinot Blanc,86,10.0
San Huberto 2011 Cabernet Sauvignon (Argentina),Argentina,Cabernet Sauvignon,81,9.0
Château Grand Jean 2013  Bordeaux Supérieur,France,Bordeaux-style Red Blend,86,20.0
Spadafora 2012 Rosato Nero d'Avola (Terre Siciliane),Italy,Nero d'Avola,86,23.0
La Cappuccina 2013 Monte Stelle  (Soave Classico),Italy,Garganega,88,16.0
Wirra Wirra 2013 Church Block Cabernet Sauvignon-Merlot-Shiraz (McLaren Vale),Australia,Cabernet Sauvignon-Merlot-Shiraz,91,20.0
Château Roullet 2009  Canon-Fronsac,France,Bordeaux-style Red Blend,85,65.0
Corte Sant' Alda 2004  Amarone della Valpolicella,Italy,"Corvina, Rondinella, Molinara",90,110.0
Ghost Hill 2015 Spirit of Pinot Noir Rosé,US,Rosé,90,20.0
Dogwood 2010 Sargentini Vineyard Zinfandel (Mendocino),US,Zinfandel,83,34.0
Domaine Drouhin Oregon 2012 Édition Limitée Chardonnay (Dundee Hills),US,Chardonnay,95,65.0
Judith Beck 2006 Schafleiten St. Laurent (Burgenland),Austria,St. Laurent,89,47.0
Curtis 2006 Vozelgang Vineyard Syrah (Santa Ynez Valley),US,Syrah,85,24.0
Canalicchio Franco Pacenti 2009  Brunello di Montalcino,Italy,Sangiovese,89,70.0
Penfolds 2006 Bin 28 Kalimna Shiraz (Barossa Valley),Australia,Shiraz,88,26.0
Louis Roederer 2006 Brut Nature  (Champagne),France,Champagne Blend,92,89.0
Fielding Hills 2014 Estate Tribute Riverbend Vineyard Red (Wahluke Slope),US,Red Blend,88,38.0
Santos & Seixo 2016 Rotas de Portugal Red (Alentejano),Portugal,Portuguese Red,86,9.0
Ravines 2010 Sauvignon Blanc (Finger Lakes),US,Sauvignon Blanc,90,18.0
MacPhail 2007 Pratt Vineyard Pinot Noir (Sonoma Coast),US,Pinot Noir,94,60.0
Kendall-Jackson 2011 Vintner's Reserve Chardonnay (California),US,Chardonnay,88,15.0
Heron Hill 2011 Eclipse Red (New York),US,Bordeaux-style Red Blend,90,18.0
Ribbon Cliff 2013 Cabernet Franc (Columbia Valley (WA)),US,Cabernet Franc,88,35.0
Hacienda del Carche NV Brut Sparkling (Cava),Spain,Sparkling Blend,82,10.0
Secret Cellars 2014 Pinot Noir (Santa Lucia Highlands),US,Pinot Noir,86,14.0
Château Maison Noble 2014 Rosé (Bordeaux Rosé),France,Rosé,84,9.0
Hogue 2014 Red (Columbia Valley (WA)),US,Red Blend,88,8.0
Cantina Terlano 2014 Pinot Bianco (Alto Adige),Italy,Pinot Bianco,86,22.0
Montaribaldi 2012 Capural  (Roero),Italy,Arneis,89,16.0
Seghesio 1998 San Lorenzo Zinfandel (Sonoma County),US,Zinfandel,91,28.0
Otuwhero 2008 O:TU Sauvignon Blanc (Marlborough),New Zealand,Sauvignon Blanc,86,16.0
Soluna 2010 Premium Malbec (Mendoza),Argentina,Malbec,89,18.0
Yazgan 2014 Casaba Cabernet Sauvignon-Merlot (Turkey),Turkey,Cabernet Sauvignon-Merlot,87,16.0
Taba 2015 G  (Greco di Tufo),Italy,Greco,85,19.0
Château Feret Lambert 2011  Bordeaux Supérieur,France,Bordeaux-style Red Blend,90,35.0
Illuminati Dino 2007 Lumen Riserva Red (Controguerra),Italy,Red Blend,92,70.0
Bernard Magrez 2013 Château des Muraires Rosé (Côtes de Provence),France,Rosé,89,26.0
Soléna 2015 Prince Hill Vineyard Pinot Noir (Dundee Hills),US,Pinot Noir,90,48.0
Thörle 2016 Feinherb Riesling (Rheinhessen),Germany,Riesling,91,22.0
René Muré 2012 Clos Saint Landelin Pinot Noir (Alsace),France,Pinot Noir,90,75.0
Walnut City WineWorks 2014 Gewürztraminer (Willamette Valley),US,Gewürztraminer,90,18.0
Hilltown 2009 Pinot Noir (California),US,Pinot Noir,81,9.0
Vignerons de Bel Air 2012 Grande QV  (Bourgogne Gamay),France,Gamay,85,16.0
MacRostie 2006 Pinot Noir (Carneros),US,Pinot Noir,87,30.0
Dobbes Family Estate 2013 Eola-Amity Cuvée Pinot Noir (Eola-Amity Hills),US,Pinot Noir,88,40.0
Fullerton 2013 Five Faces Pinot Noir (Willamette Valley),US,Pinot Noir,87,33.0
Collemassari 2009 Riserva  (Montecucco),Italy,Red Blend,90,25.0
Aspaldi 2010 Crianza  (Rioja),Spain,Tempranillo Blend,89,15.0
FEL 2014 Donnelly Creek Pinot Noir (Anderson Valley),US,Pinot Noir,92,65.0
Txomín Etxaníz 2011 Getaria Rosé (Getariako Txakolina),Spain,Rosé,83,25.0
Castiglion del Bosco 2004 Campo del Drago  (Brunello di Montalcino),Italy,Sangiovese Grosso,92,75.0
Michele Taliano 2008 Ad Altiora  (Barbaresco),Italy,Nebbiolo,91,60.0
Mastroberardino 2009 Naturalis Historia  (Taurasi),Italy,Aglianico,93,90.0
Château Margaux 2013  Margaux,France,Bordeaux-style Red Blend,95,395.0
Château du Port 2013 Tertre-Perdigous Malbec-Merlot (Cahors),France,Malbec-Merlot,87,16.0
Wilderotter 2014 Barbera (Shenandoah Valley (CA)),US,Barbera,87,30.0
Edna Valley Vineyard 2013 Paragon Chardonnay (Central Coast),US,Chardonnay,83,15.0
Headbanger 2009 Zinfandel (Sonoma County),US,Zinfandel,84,20.0
Derby 2013 Implico Red (Paso Robles),US,Bordeaux-style Red Blend,87,34.0
Hagafen 2000 Chardonnay (Napa Valley),US,Chardonnay,86,18.0
Benmarl 2014 Stainless Steal Chardonnay (Finger Lakes),US,Chardonnay,85,15.0
Sant Wines 2014 Buena Aventura Pinot Noir (Sta. Rita Hills),US,Pinot Noir,92,47.0
Marengo NV Brut Sparkling (Ukraine),Ukraine,Sparkling Blend,83,10.0
Bruno Giacosa 2007 Extra Brut Metodo Classico Pinot Nero (Vino Spumante),Italy,Pinot Nero,89,50.0
Monte Novo e Figueirinha 2007 Herdade da Figueirinha Reserva Red (Alentejano),Portugal,Portuguese Red,81,9.0
Vignobles Berthier 2012 Domaine de Montbenoit Pinot Noir (Coteaux du Giennois),France,Pinot Noir,87,16.0
Arbor Crest 2006 Sauvignon Blanc (Columbia Valley (WA)),US,Sauvignon Blanc,88,11.0
Joseph Mellot 2014 Le Rabault  (Sancerre),France,Pinot Noir,85,30.0
Viu Manent 2009 Reserva Malbec (Colchagua Valley),Chile,Malbec,88,14.0
Sonoma Trail 2006 Pinot Noir (Sonoma Coast),US,Pinot Noir,86,15.0
Bota Box 2015 Moscato (California),US,Moscato,84,23.0
Henriet-Bazin NV Sélection de Parcelles Premier Cru Brut  (Champagne),France,Champagne Blend,92,60.0
Picket Fence 2010 Chardonnay (Russian River Valley),US,Chardonnay,85,15.0
Il Grappolo 2010  Brunello di Montalcino,Italy,Sangiovese,93,50.0
Rancho Sisquoc 2011 Flood Family Vineyards Syrah (Santa Barbara County),US,Syrah,85,25.0
Château Villa Bel Air 2007  Graves,France,Bordeaux-style White Blend,91,25.0
Mirassou 1997 Coastal Selection Merlot (Monterey County),US,Merlot,81,13.0
Standing Stone 2005 Reserve Chardonnay (Finger Lakes),US,Chardonnay,82,20.0
Pepper Bridge 2009 Seven Hills Vineyard Red (Walla Walla Valley (WA)),US,Bordeaux-style Red Blend,93,60.0
Concha y Toro 2008 Casillero del Diablo Reserve Merlot (Rapel Valley),Chile,Merlot,86,10.0
Apolloni 2007 Pinot Grigio (Willamette Valley),US,Pinot Grigio,89,17.0
Trivento 2016 White Orchid Reserve Torrontés (Mendoza),Argentina,Torrontés,87,11.0
Season 2014 Limited Edition Series Carmenère (Southern Oregon),US,Carmenère,88,38.0
Brian Carter Cellars 2012 Oriana White (Yakima Valley),US,White Blend,91,22.0
Paul Jaboulet Aîné 2007 Les Jumelles  (Côte Rôtie),France,Syrah,89,110.0
Husch 2007 Late Harvest Gewürztraminer (Anderson Valley),US,Gewürztraminer,82,20.0
Boeckel 2014 Riesling (Alsace),France,Riesling,87,42.0
Ledson 1999 Merlot (Sonoma Valley),US,Merlot,91,36.0
Canard-Duchêne NV Charles VII Grande Cuvée des Lys Blanc de Noirs Brut  (Champagne),France,Champagne Blend,89,50.0
Coastview 2007 North Block Syrah (Monterey County),US,Syrah,90,29.0
Abbadia Ardenga 2008 Vigna Piaggia  (Brunello di Montalcino),Italy,Sangiovese Grosso,91,60.0
Martin Ray 2012 Pinot Noir (Santa Barbara County),US,Pinot Noir,86,20.0
Carmel 2007 Private Collection Kosher Merlot (Galilee),Israel,Merlot,86,18.0
Martin Ray 2010 Pinot Noir (Russian River Valley),US,Pinot Noir,84,40.0
Omaka Springs 2001 Sauvignon Blanc (Marlborough),New Zealand,Sauvignon Blanc,89,17.0
Chime 2009 Pinot Noir (Sonoma County),US,Pinot Noir,91,19.0
Mercer 2015 Culloden Vineyard Viognier (Horse Heaven Hills),US,Viognier,86,18.0
Santa Ema 2006 Barrel Select Reserve Carmenère (Cachapoal Valley),Chile,Carmenère,86,12.0
Wines & Winemakers 2015 Casa Ermelinda Freitas Monte de Baía Rosé (Península de Setúbal),Portugal,Rosé,85,12.0
Lombard et Cie NV Tanagra Brut Grand Cru  (Champagne),France,Champagne Blend,92,60.0
Ruby Hill Winery 2012 Reserve Petite Sirah (Livermore Valley),US,Petite Sirah,93,29.0
Hahn 2015 Pinot Gris (Monterey County),US,Pinot Gris,87,15.0
Sheldrake Point 2010 Cabernet Franc (Finger Lakes),US,Cabernet Franc,85,18.0
Cafaggio 2010 Basilica del Pruneto Merlot (Toscana),Italy,Merlot,91,40.0
Educated Guess 2014 Cabernet Sauvignon (Napa Valley),US,Cabernet Sauvignon,85,25.0
Locati Cellars 2006 Sangiovese (Columbia Valley (WA)),US,Sangiovese,85,26.0
Domaine de Terra Vecchia 2015 Niellucciu-Syrah Cuvée Armonia Rosé (Ile de Beauté),France,Rosé,86,15.0
La Vis 2001 Bianco dei Sorni White (Trentino),Italy,White Blend,88,15.0
Chasseur 2012 Pinot Noir (Russian River Valley),US,Pinot Noir,90,40.0
R. de Ayala Lete E Hijos 2004 Deóbriga Selección Familiar  (Rioja),Spain,Tempranillo Blend,91,22.0
Dutton-Goldfield 1999 Freestone Hill Vineyard Pinot Noir (Russian River Valley),US,Pinot Noir,92,55.0
Finca Valpiedra 2009 Cantos de Valpiedra  (Rioja),Spain,Tempranillo,88,20.0
Waterbrook 2012 Icon Reserve Cabernet Sauvignon (Columbia Valley (WA)),US,Cabernet Sauvignon,87,35.0
Caccia al Piano 1868 2008 Levia Gravia  (Bolgheri Superiore),Italy,Red Blend,92,56.0
Bodega NQN 2011 Picada 15 Malbec (Patagonia),Argentina,Malbec,86,13.0
Mignanelli 2013 Pinot Noir (Santa Cruz Mountains),US,Pinot Noir,87,36.0
Errazuriz 2015 Pinot Noir (Aconcagua Valley),Chile,Pinot Noir,91,25.0
Veramar 2012 Estate Club Cabernet Franc (Shenandoah Valley),US,Cabernet Franc,83,18.0
Altamira 2010 de los Andes Reserve Malbec (Uco Valley),Argentina,Malbec,86,25.0
Le Strie 2011  Sforzato di Valtellina,Italy,Nebbiolo,89,54.0
Valentin Bianchi 2009 Malbec (Mendoza),Argentina,Malbec,89,13.0
Pheasant Valley Winery 2006 Cabernet Sauvignon (Columbia Valley (OR)),US,Cabernet Sauvignon,87,22.0
Brancott 2007 Sauvignon Blanc (Marlborough),New Zealand,Sauvignon Blanc,86,13.0
Vin du Lac 2011 Cuvée Rouge Red (Columbia Valley (WA)),US,Red Blend,84,25.0
Jardin 2011 Barrel Fermented Chenin Blanc (Stellenbosch),South Africa,Chenin Blanc,88,16.0
Rutz 2005 Bacigalupi Vineyard Chardonnay (Russian River Valley),US,Chardonnay,85,55.0
Biondi Santi 2006 Riserva  (Brunello di Montalcino),Italy,Sangiovese Grosso,94,900.0
Jacob's Creek 1999 Reserve Chardonnay (Barossa Valley),Australia,Chardonnay,88,16.0
Midnight 2012 Estate Chardonnay (Paso Robles),US,Chardonnay,85,26.0
Coyote Canyon 1999 Garys' Vineyard Pinot Noir (Santa Lucia Highlands),US,Pinot Noir,88,55.0
Terre Rouge 2008 Muscat a Petits Grains Vin Doux Naturel Muscat (Shenandoah Valley (CA)),US,Muscat,93,15.0
Piccini 2008 Sasso al Poggio Red (Toscana),Italy,Red Blend,91,25.0
Wine Spots 2006 Cabernet Sauvignon (Napa Valley),US,Cabernet Sauvignon,86,25.0
Hermann J. Wiemer 2009 Magdalena Vineyard Dry Riesling (Finger Lakes),US,Riesling,90,36.0
Château Lauduc 2015 Classic  (Bordeaux),France,Bordeaux-style Red Blend,85,15.0
Friedrich-Wilhelm-Gymnasium 2015 Fritz Willi Riesling (Mosel),Germany,Riesling,90,18.0
Baglio di Pianetto 2004 Ramione Red (Sicilia),Italy,Red Blend,87,26.0
Williams Selyem 2015 Heintz Vineyard Chardonnay (Russian River Valley),US,Chardonnay,94,65.0
Dr. Konstantin Frank 2012 Méthode Champenoise Brut  (Finger Lakes),US,Champagne Blend,91,25.0
Loring Wine Company 2007 Aubaine Vineyard Pinot Noir (San Luis Obispo County),US,Pinot Noir,83,50.0
Flam 2012 Classico Red (Judean Hills),Israel,Bordeaux-style Red Blend,90,35.0
Bodegas Caro 2008 Amancaya Malbec-Cabernet Sauvignon (Mendoza),Argentina,Malbec-Cabernet Sauvignon,89,20.0
Georges Vigouroux 2012 Pigmentum Rosé (Vin de Pays du Lot),France,Rosé,84,12.0
Casa Larga 2010 Fiori Delle Stelle Estate Grown Ice Wine Vidal Blanc (Finger Lakes),US,Vidal Blanc,88,40.0
Sottano 2009 Reserva de Familia Cabernet Sauvignon (Mendoza),Argentina,Cabernet Sauvignon,89,30.0
Mezzacorona 2015 Pinot Grigio (Trentino),Italy,Pinot Grigio,87,10.0
Silver Horse 2011 The Big Easy Red (Paso Robles),US,Red Blend,89,38.0
Familia Traversa 2015 Noble Alianza Reserva Marselan-Tannat-Merlot Red (Uruguay),Uruguay,Red Blend,85,13.0
Tamarack Cellars 2006 Chardonnay (Columbia Valley (WA)),US,Chardonnay,89,18.0
Sorrentino 2010 Nati Coda di Volpe (Pompeiano),Italy,Coda di Volpe,84,28.0
Domaine de la Denante 2014  Saint-Véran,France,Chardonnay,85,20.0
Zepaltas 2014 Risuena Pinot Noir (Sonoma Coast),US,Pinot Noir,85,24.0
Poggio Nardone 2001 Riserva  (Brunello di Montalcino),Italy,Sangiovese,95,60.0
Fielding Hills 2010 RiverBend Vineyard Cabernet Franc (Wahluke Slope),US,Cabernet Franc,91,30.0
Rex Hill 2006 Sims Vineyard Pinot Noir (Willamette Valley),US,Pinot Noir,90,52.0
Domaine Saint-André de Figuière 2013 Cuvée Signature Magali Rosé (Côtes de Provence),France,Rosé,88,23.0
Hawthorne 2014 Barrel Reserve Auxerrois (Old Mission Peninsula),US,Auxerrois,86,20.0
The Vineyard House 2010 Cabernet Sauvignon (Napa Valley),US,Cabernet Sauvignon,94,200.0
Three Rivers 2013 Rosé Cabernet Franc (Walla Walla Valley (WA)),US,Cabernet Franc,86,14.0
Johannishof 2014 Charta Riesling (Rheingau),Germany,Riesling,90,22.0
Ebner-Ebenauer 2013 Birthal Grüner Veltliner (Weinviertel),Austria,Grüner Veltliner,90,19.0
Château Lauduc 2015 Tradition  (Bordeaux Supérieur),France,Bordeaux-style Red Blend,88,18.0
Niedrist 2011 Pinot Nero (Alto Adige),Italy,Pinot Nero,87,43.0
Kobler 2015 Rosé of Pinot Noir (Russian River Valley),US,Pinot Noir,91,28.0
Quanta Terra 2014 Terra a Terra Reserva Branco White (Douro),Portugal,Portuguese White,88,16.0
Ogier 2013 Héritages Elevé en Foudres de Chêne Red (Côtes du Rhône),France,Rhône-style Red Blend,89,16.0
Red Tail Ridge 2012 Obscure Red Varietal Series Martini Family Vineyard Blaufränkisch (Finger Lakes),US,Blaufränkisch,89,23.0
Falua 2011 Reserva Alicante Bouschet (Tejo),Portugal,Alicante Bouschet,92,25.0
Domaine Poli 2016 Sciaccarellu Rosé (Ile de Beauté),France,Rosé,86,16.0
Airfield Estates 2009 Cabernet Sauvignon (Yakima Valley),US,Cabernet Sauvignon,89,25.0
Freeman 2007 Akiko's Cuvée Pinot Noir (Sonoma Coast),US,Pinot Noir,89,54.0
Groth 2013 Hillview Vineyard Chardonnay (Napa Valley),US,Chardonnay,91,30.0
Vallemon de Sardilici 2009 Roble  (Ribera del Duero),Spain,Tempranillo,85,22.0
Château Lestruelle 2016  Bordeaux Blanc,France,Bordeaux-style White Blend,90,15.0
Mar de Viñas 2014 Albariño (Rías Baixas),Spain,Albariño,90,17.0
Waterstone 2012 Pinot Gris (Napa Valley),US,Pinot Gris,88,18.0
Blair 2012 Delfina's Vineyard Pinot Noir (Arroyo Seco),US,Pinot Noir,89,35.0
Luis Cañas 2006 Reserva  (Rioja),Spain,Tempranillo Blend,89,21.0
Cicchitti 2012 Gran Reserva Malbec (Mendoza),Argentina,Malbec,93,60.0
Bellenda 2011 Millesimato San Fermo Brut  (Conegliano Valdobbiadene Prosecco Superiore),Italy,Glera,86,19.0
L. Tramier & Fils 2013 Collection  (Corton),France,Pinot Noir,91,110.0
Bogle 2004 Phantom Old Vine Red (California),US,Red Blend,84,17.0
Taittinger NV Nocturne Rosé Sec  (Champagne),France,Champagne Blend,87,95.0
Poderi Aldo Conterno 2004  Barolo,Italy,Nebbiolo,92,126.0
J.P. Chenet 2015 Reserve Pinot Noir (Vin de France),France,Pinot Noir,84,10.0
Les Vins Bréban 2015 Lavendette Rosé,France,Rosé,86,12.0
Concha y Toro 2010 Casillero del Diablo Reserve Malbec (Rapel Valley),Chile,Malbec,83,12.0
Château Haut-Bellevue 2009  Moulis-en-Médoc,France,Bordeaux-style Red Blend,90,42.0
Peconic Bay Winery 2001 Riesling (North Fork of Long Island),US,Riesling,84,13.0
Trivento 2014 Reserve Cabernet Sauvignon (Mendoza),Argentina,Cabernet Sauvignon,87,11.0
Roche 2013 Barrel Select American Oak Reserve Chardonnay (Carneros),US,Chardonnay,87,34.0
Canard-Duchêne NV Charles VII La Grande Cuvée Blanc de Noirs Brut  (Champagne),France,Champagne Blend,91,60.0
Fratelli Berlucchi 2009 Pas Dosé Vintage Sparkling (Franciacorta),Italy,Sparkling Blend,93,50.0
Cantina di Sorbara NV Amabile  (Lambrusco di Sorbara),Italy,Lambrusco,83,11.0
Comtesse Thérèse 2011 Sauvignon Blanc (North Fork of Long Island),US,Sauvignon Blanc,85,28.0
Goldeneye 2012 Anderson Valley Pinot Noir (Anderson Valley),US,Pinot Noir,91,55.0
Quinta da Romaneira 2013 Reserva Red (Douro),Portugal,Portuguese Red,94,60.0
Thurston Wolfe 2009 Zephyr Ridge Vineyard Petite Sirah (Horse Heaven Hills),US,Petite Sirah,91,20.0
Viszlay Vineyards 2013 Estate Petite Sirah (Russian River Valley),US,Petite Sirah,90,42.0
Wines & Winemakers 2013 Monta da Baía Reserva Red (Península de Setúbal),Portugal,Portuguese Red,92,18.0
Salatin NV Brut  (Prosecco Treviso),Italy,Glera,84,16.0
Cayuse 2014 Camaspelo Red (Walla Walla Valley (OR)),US,Red Blend,92,85.0
Grizzly Peak 2013 Cabernet Franc (Rogue Valley),US,Cabernet Franc,85,25.0
Rotari 2013 Brut Metodo Classico Chardonnay (Trento),Italy,Chardonnay,88,20.0
Bello Family Vineyards 2011 Chardonnay (Carneros),US,Chardonnay,85,45.0
Terra Vina Wines 2012 Sangiovese (Columbia Valley (WA)),US,Sangiovese,88,36.0
Château Magnan-Figeac 2014  Saint-Émilion,France,Bordeaux-style Red Blend,87,39.0
Jean-Luc Baldès 2012 Clos Triguedina Les Galets Malbec (Cahors),France,Malbec,94,30.0
Château du Moulin-à-Vent 2011 Croix des Vérillats  (Moulin-à-Vent),France,Gamay,93,51.0
Danie de Wet 2009 Limestone Hill Chardonnay (Robertson),South Africa,Chardonnay,89,16.0
Bortoluzzi 2007 Sauvignon (Venezia Giulia),Italy,Sauvignon,87,21.0
Château de Lamarque 2012 Donjon de Lamarque  (Haut-Médoc),France,Bordeaux-style Red Blend,88,30.0
Ouled Thaleb 2012 Aït Soula Red (Morocco),Morocco,Red Blend,89,25.0
Heritance 2014 Sauvignon Blanc (Napa Valley),US,Sauvignon Blanc,87,18.0
Buehler 2013 Cabernet Sauvignon (Napa Valley),US,Cabernet Sauvignon,90,25.0
Sheldon 2015 The Red Hat Old Vine Field Blend Red (Napa Valley),US,Red Blend,93,37.0
Concannon 2010 Reserve Petite Sirah (Livermore Valley),US,Petite Sirah,91,40.0
St. Urbans-Hof 2012 Nik Weis Leiwener Laurentiuslay Feinherb Grosse Lage Riesling (Mosel),Germany,Riesling,92,55.0
Turkovich 2014 Tempranillo (Yolo County),US,Tempranillo,90,21.0
Raymond 2012 Reserve Selection Cabernet Sauvignon (Napa Valley),US,Cabernet Sauvignon,90,38.0
Frazier 2009 Petit Verdot (Napa Valley),US,Petit Verdot,88,75.0
Criss Cross 2014 Cabernet Sauvignon (Clarksburg),US,Cabernet Sauvignon,86,18.0
Williamson Wines 2006 Clarissa Vin Rouge Red (Dry Creek Valley),US,Bordeaux-style Red Blend,84,47.0
Thirsty Owl Wine Company 2014 Pinot Gris (Finger Lakes),US,Pinot Gris,87,15.0
MontGras 2009 Reserva Cabernet Sauvignon (Colchagua Valley),Chile,Cabernet Sauvignon,83,12.0
Pierre Sparr NV Réserve Sparkling (Crémant d'Alsace),France,Sparkling Blend,84,21.0
Bodega Catena Zapata 2011 Catena Alta Historic Rows Cabernet Sauvignon (Mendoza),Argentina,Cabernet Sauvignon,90,55.0
Ojai 2010 McGinley Vineyard Sauvignon Blanc (Santa Ynez Valley),US,Sauvignon Blanc,86,26.0
Viña Casablanca 2016 Cefiro Reserva Chardonnay (Casablanca Valley),Chile,Chardonnay,82,12.0
Musetta 2007 St. Peter's Church Selection Zinfandel (Dry Creek Valley),US,Zinfandel,85,32.0
Roco 2015 Gravel Road Chardonnay (Willamette Valley),US,Chardonnay,92,40.0
Albert Bichot 2014 Domaine du Pavillon Clos des Maréchaudes  (Corton),France,Pinot Noir,94,150.0
Lanark Lane 2016 Sauvignon Blanc (Marlborough),New Zealand,Sauvignon Blanc,89,18.0
Campos Góticos 2012 Crianza  (Ribera del Duero),Spain,Tempranillo Blend,89,44.0
Page Mill Winery 2014 GPS Red (Livermore Valley),US,Rhône-style Red Blend,90,32.0
Hogue 2004 Terroir Cabernet Sauvignon (Red Mountain),US,Cabernet Sauvignon,87,25.0
Argyle 2014 Nuthouse Chardonnay (Eola-Amity Hills),US,Chardonnay,90,40.0
Clos du Gaimont 2013  Vouvray,France,Chenin Blanc,87,20.0
Domaine Ostertag 2014 Clos Mathis Riesling (Alsace),France,Riesling,93,47.0
Girardet 2012 Estate Grown Syrah (Umpqua Valley),US,Syrah,89,38.0
Dutton-Goldfield 2009 Dutton Ranch Green Valley Vineyard Gewürztraminer (Green Valley),US,Gewürztraminer,92,25.0
Ca'Romè 2012 Rapet  (Barolo),Italy,Nebbiolo,88,103.0
Marchesato degli Aleramici 2007 Riserva  (Brunello di Montalcino),Italy,Sangiovese Grosso,90,65.0
Zina Hyde Cunningham 2007 Sauvignon Blanc (Mendocino County),US,Sauvignon Blanc,85,18.0
Grayson 2012 Pinot Noir (California),US,Pinot Noir,84,12.0
Fongoli 2009  Montefalco Sagrantino,Italy,Sagrantino,87,40.0
Tablas Creek 2010 Esprit de Beaucastel Blanc Grown & Bottled on the Estate Roussanne-Grenache Blanc-Picpoul Blanc White (Paso Robles),US,Rhône-style White Blend,92,40.0
Pertinace 2006  Dolcetto d'Alba,Italy,Dolcetto,85,15.0
Sierra Virgen 2009 Airén Airen (Vino de la Tierra de Castilla),Spain,Airen,80,9.0
Cascina Adelaide 2007 Preda  (Barolo),Italy,Nebbiolo,94,86.0
Cape Mentelle 2010 Wilyabrup Red (Margaret River),Australia,Bordeaux-style Red Blend,91,55.0
San Fabiano Calcinaia 2004 Cerviolo Red (Toscana),Italy,Red Blend,92,49.0
Rock Hollow 2010 Vintner's Selection Sauvignon Blanc (Santa Barbara County),US,Sauvignon Blanc,86,13.0
Brutocao 2012 Uber Tuscan Style Hopland Ranches Estate Bottled Red (Mendocino),US,Red Blend,89,26.0
Rex Hill 2000 Pinot Gris (Willamette Valley),US,Pinot Gris,83,14.0
Henri de Villamont 2005 Les Châtelots Premier Cru  (Chambolle-Musigny),France,Pinot Noir,91,62.0
Georges Vigouroux 2010 Château Leret Réserve Malbec (Cahors),France,Malbec,84,17.0
Weingut Liebfrauenstift 2013 Riesling (Rheinhessen),Germany,Riesling,89,17.0
Pessagno 2012 Chardonnay (Santa Lucia Highlands),US,Chardonnay,85,24.0
Montoya 2010 Cabernet Sauvignon (Napa Valley),US,Cabernet Sauvignon,84,18.0
Capafons-Ossó 2003 Mas de Masos Red (Priorat),Spain,Red Blend,91,70.0
Tiefenbrunner 2009 Chardonnay (Alto Adige),Italy,Chardonnay,88,15.0
Bella 2007 Two Patch Zinfandel (Alexander Valley),US,Zinfandel,88,38.0
Angel's Cup 2013 Vineyard Selection Pinot Grigio (California),US,Pinot Grigio,88,12.0
Hindsight 2013 Bella Vetta Vineyard Cabernet Sauvignon (Howell Mountain),US,Cabernet Sauvignon,86,75.0
Rayun 2015 Cabernet Sauvignon (Central Valley),Chile,Cabernet Sauvignon,83,8.0
BKB 2014 Makena Pinot Noir (Eola-Amity Hills),US,Pinot Noir,90,35.0
Barton & Guestier 2013 Passeport  (Pouilly-Fuissé),France,Chardonnay,85,26.0
Taron 2014  Rioja,Spain,Tempranillo,87,10.0
Les Vignerons des Côtes d'Agly 2009 Les Arcades Red (Côtes du Roussillon Villages),France,Rhône-style Red Blend,85,24.0
Avondale 2011 Cyclus White (Paarl),South Africa,White Blend,90,35.0
Navarro Correas 2012 Colección Privada Cabernet Sauvignon (Mendoza),Argentina,Cabernet Sauvignon,86,12.0
Comartin 2013 Pinot Noir (Santa Cruz Mountains),US,Pinot Noir,89,45.0
Blason 2007 Sauvignon (Friuli Isonzo),Italy,Sauvignon,85,10.0
Hug 2010 Starr Ranch Vineyard Cabernet Sauvignon (Paso Robles),US,Cabernet Sauvignon,82,35.0
Adrás 2013 Godello (Ribeira Sacra),Spain,Godello,83,19.0
Villa Maria 2009 Reserve Pinot Noir (Marlborough),New Zealand,Pinot Noir,91,40.0
Taplin Cellars 2013 Terra 9 Cabernet Sauvignon (St. Helena),US,Cabernet Sauvignon,92,65.0
Barrel Oak 2009 Reserve Chardonnay (Virginia),US,Chardonnay,85,28.0
Gianelli 2007 Vermentino (Tuolumne County),US,Vermentino,88,18.0
Ruca Malen 2010 Kinien de Don Raúl Red (Mendoza),Argentina,Bordeaux-style Red Blend,92,68.0
Gyéjacquot Frères NV Collection Rosé Brut  (Champagne),France,Champagne Blend,87,46.0
Lakewood 2010 Pinot Noir (Finger Lakes),US,Pinot Noir,87,16.0
Yali 2009 Wetland Winemaker's Selection Sauvignon Blanc (Rapel Valley),Chile,Sauvignon Blanc,85,8.0
Finca El Quiñón 2008 Chafandin  (Ribera del Duero),Spain,Tempranillo,90,65.0
Carlos Moro 2014 Finca Las Marcas Verdejo (Rueda),Spain,Verdejo,84,40.0
Martin Ray 2015 Rosé of Pinot Noir (Russian River Valley),US,Pinot Noir,91,20.0
Irvine Family Vineyards 2015 Pinot Meunier (Oregon),US,Pinot Meunier,87,35.0
McManis 2012 Pinot Noir (California),US,Pinot Noir,86,11.0
Monterebro 2013 Barrica Red (Jumilla),Spain,Red Blend,88,14.0
Testarossa 2011 Niclaire Pinot Noir (California),US,Pinot Noir,92,79.0
Et Fille 2012 Heredity Pinot Noir (Willamette Valley),US,Pinot Noir,88,34.0
Domaine Schoffit 2007 Rangen Grand Cru Clos Saint Théobald Vendanges Tardives Pinot Gris (Alsace),France,Pinot Gris,94,72.0
Roncão 2014 Quinta da Levandeira Grande Reserva Red (Douro),Portugal,Portuguese Red,89,31.0
Carabella 2014 Inchinnan Pinot Noir (Chehalem Mountains),US,Pinot Noir,89,60.0
Ixsir 2014 Altitudes White (Lebanon),Lebanon,White Blend,88,25.0
Robert Weil 2012 Trocken Riesling (Rheingau),Germany,Riesling,88,20.0
Columbia Crest 2013 Reserve Estate Grown Chardonnay (Horse Heaven Hills),US,Chardonnay,90,26.0
Alta 2008 Sauvignon Blanc (Adelaide Hills),Australia,Sauvignon Blanc,87,25.0
Bodegas M 2011 Querida Albariño (Edna Valley),US,Albariño,86,25.0
Johanneshof Reinisch 2012 Holzspur St. Laurent (Thermenregion),Austria,St. Laurent,95,80.0
Lachini 2013 Al di Là Chardonnay (Willamette Valley),US,Chardonnay,89,45.0
Hall 2012 Eighteen Seventy-Three Cabernet Sauvignon (Napa Valley),US,Cabernet Sauvignon,93,80.0
Lapostolle 2011 Casa Grand Selection Merlot (Rapel Valley),Chile,Merlot,87,12.0
Steltzner 2008 Claret Red (Napa Valley),US,Bordeaux-style Red Blend,86,18.0
Imagery 1999 Sunny Slope Vineyard Merlot (Sonoma Valley),US,Merlot,85,29.0
Collina San Ponzio 2010 Riserva  (Barolo),Italy,Nebbiolo,86,62.0
Re Manfredi 2011  Aglianico del Vulture,Italy,Aglianico,88,35.0
Louis Jadot 2014  Clos de la Roche,France,Pinot Noir,97,286.0
Regina Viarum 2012 Regina Expresion Mencía (Ribeira Sacra),Spain,Mencía,92,24.0
DFJ Vinhos 2012 Coreto Branco White (Lisboa),Portugal,Portuguese White,86,6.0
K Vintners 2013 The Hidden Northridge Vineyard Syrah (Wahluke Slope),US,Syrah,95,70.0
Newman's Own 2010 Pinot Noir (California),US,Pinot Noir,85,10.0
Brave & Maiden 2011 Syrah (Santa Ynez Valley),US,Syrah,91,65.0
Airfield Estates NV Cabernet Sauvignon (Yakima Valley),US,Cabernet Sauvignon,88,24.0
Purple Star 2013 Cabernet Sauvignon (Columbia Valley (WA)),US,Cabernet Sauvignon,89,19.0
Château d'Aydie 2010 Aydie l'Origine Tannat-Cabernet Franc (Madiran),France,Tannat-Cabernet Franc,93,12.0
Lynmar 2011 Jenkins Vineyard Pinot Noir (Russian River Valley),US,Pinot Noir,95,70.0
Errazuriz 2014 Max Reserva Sauvignon Blanc (Aconcagua Costa),Chile,Sauvignon Blanc,89,20.0
Heinz Eifel 2012 Auslese Riesling (Mosel),Germany,Riesling,90,14.0
Château Crusquet Sabourin 2015  Blaye Côtes de Bordeaux,France,Bordeaux-style Red Blend,88,18.0
Gary Farrell 2015 Rochioli-Allen Vineyards Clone 76 Concrete Chardonnay (Russian River Valley),US,Chardonnay,91,60.0
Mazzei 2009 Belguardo Vermentino (Toscana),Italy,Vermentino,88,17.0
Burrowing Owl 2011 Meritage (Okanagan Valley),Canada,Meritage,87,49.0
Bennett Lane 2007 Cabernet Sauvignon (Napa Valley),US,Cabernet Sauvignon,94,55.0
Cambiata 2008 Estate Grown Produced and Bottled Albariño (Monterey),US,Albariño,91,22.0
Millbrook 2015 Proprietor's Special Reserve Chardonnay (Hudson River Region),US,Chardonnay,86,25.0
Bodegas Carballal 2013 Estylo Puro Albariño (Rías Baixas),Spain,Albariño,85,15.0
Borgo Scopeto 2011 Borgonero Red (Toscana),Italy,Red Blend,94,24.0
Germano Ettore 2012 Prapò  (Barolo),Italy,Nebbiolo,94,75.0
Great American Wine Company 2014 Sauvignon Blanc (California),US,Sauvignon Blanc,89,16.0
La Palma 2001 Chardonnay (Rapel Valley),Chile,Chardonnay,83,10.0
Red Electra 2013 Muscat (California),US,Muscat,89,14.0
Gotsa Family Wines 2014 Asureti Valley Chinuri,,Chinuri,87,30.0
Matané 2012 Matanè  (Primitivo di Manduria),Italy,Primitivo,89,20.0
Bodegas Dios Baco S.L. NV 20 yr. Baco Imperial Amontillado Sherry (Jerez),Spain,Sherry,92,90.0
Renato Ratti 2013 Rocche dell'Annunziata  (Barolo),Italy,Nebbiolo,95,100.0
Shiloh Winery 2010 Secret Reserve Cabernet Sauvignon (Judean Hills),Israel,Cabernet Sauvignon,90,40.0
Lionel Osmin & Cie 2015 Villa Grand Cap White (Vin de France),France,White Blend,86,11.0
Casas del Bosque 2015 Gran Reserva Estate Bottled Sauvignon Blanc (Casablanca Valley),Chile,Sauvignon Blanc,87,17.0
Circadia 2012 Cabernet Sauvignon (California),US,Cabernet Sauvignon,86,25.0
Taron 2012 Cepas Centenarias  (Rioja),Spain,Tempranillo,90,30.0
Pratesi 2015 Locorosso Sangiovese (Toscana),Italy,Sangiovese,88,15.0
Long Meadow Ranch 2013 Cabernet Sauvignon (Napa Valley),US,Cabernet Sauvignon,86,52.0
Snoqualmie 2012 Chardonnay (Columbia Valley (WA)),US,Chardonnay,86,13.0
Tensley 2015 Noir Syrah (Santa Barbara County),US,Syrah,94,55.0
Mauro Sebaste 2010 Ghe' Riserva  (Barolo),Italy,Nebbiolo,88,100.0
Dragonette 2014 John Sebastiano Vineyard Syrah (Santa Ynez Valley),US,Syrah,94,55.0
Wine & Soul 2012 Pintas Red (Douro),Portugal,Portuguese Red,95,100.0
Hendry 2010 Block 28 Zinfandel (Napa Valley),US,Zinfandel,90,35.0
Milbrandt 2006 The Estates Merlot (Wahluke Slope),US,Merlot,89,25.0
Suacci Carciere Wines 2006 Suacci Vineyard Pinot Noir (Russian River Valley),US,Pinot Noir,93,48.0
Betz Family 2013 La Côte Patriarche Syrah (Yakima Valley),US,Syrah,93,57.0
Neumeister 2016 Steirische Klassik Gelber Muskateller,,Gelber Muskateller,92,21.0
San Simeon 2013 Sran Vineyard Estate Viognier (Paso Robles),US,Viognier,89,22.0
Township 7 2013 Reserve 7 Red (Okanagan Valley),Canada,Bordeaux-style Red Blend,90,33.0
Cowhorn 2013 21 Syrah (Applegate Valley),US,Syrah,87,45.0
Tasca d'Almerita 2016 Cavallo delle Fate Grillo (Sicilia),Italy,Grillo,88,20.0
Columbia Crest 2012 H3 Les Chevaux Red (Horse Heaven Hills),US,Red Blend,91,15.0
Adelsheim 2014 Calkins Lane Vineyard Pinot Noir (Chehalem Mountains),US,Pinot Noir,93,68.0
Leone de Castris 2013 Elo Veni Negroamaro (Salento),Italy,Negroamaro,88,17.0
Cà di Frara NV Oltre Cruasé Sparkling (Oltrepò Pavese),Italy,Sparkling Blend,86,15.0
Barone Ricasoli 2003 Vin Santo Castello di Brolio Malvasia (Chianti),Italy,Malvasia,93,50.0
Ferreira 2012 Late Bottled Vintage  (Port),Portugal,Port,92,26.0
Poissinet NV Constance Brut Pinot Meunier (Champagne),France,Pinot Meunier,88,53.0
Kalfu 2013 Kuda Pinot Noir (Leyda Valley),Chile,Pinot Noir,86,19.0
Château du Cartillon 2014  Haut-Médoc,France,Bordeaux-style Red Blend,89,33.0
Paris-Simoneau 2016 Antoine Simoneau Sauvignon Blanc (Touraine),France,Sauvignon Blanc,86,9.0
Thurston Wolfe 2010 The Spaniard Red (Horse Heaven Hills),US,Red Blend,89,20.0
Pescaja 2007 Solneri  (Barbera d'Asti Superiore Nizza),Italy,Barbera,87,35.0
Alpha Estate 2008 Alpha One Unfiltered Merlot (Florina),Greece,Merlot,92,59.0
Corner 103 2013 Cabernet Franc (Alexander Valley),US,Cabernet Franc,89,50.0
Dão Sul 2011 Xadrez White (Vinho Verde),Portugal,Portuguese White,84,7.0
Smith & Hook 2014 Cabernet Sauvignon (Central Coast),US,Cabernet Sauvignon,90,25.0
Castillo de Monjardin 2011 Old Vines Garnacha (Navarra),Spain,Garnacha,86,9.0
Château Roquefort 2012  Bordeaux,France,Bordeaux-style Red Blend,88,20.0
Valsacro 2010  Rioja,Spain,Tempranillo,86,22.0
Sierra Cantabria 2012 Crianza  (Rioja),Spain,Tempranillo,91,19.0
La Chablisienne 2015 Pas si Petit  (Petit Chablis),France,Chardonnay,87,19.0
Boxwood 2010 Red (Virginia),US,Bordeaux-style Red Blend,86,25.0
Valdo NV Cuvée del Fondatore  (Prosecco di Valdobbiadene),Italy,Prosecco,87,18.0
Churchill's 2015 Churchill's Estates Branco White (Douro),Portugal,Portuguese White,88,18.0
Sanctuary 2012 Chardonnay (Russian River Valley),US,Chardonnay,89,30.0
Francone 2009 Riserva  (Barbaresco),Italy,Nebbiolo,90,40.0
Windy Bay 2013 Pinot Noir (Oregon),US,Pinot Noir,87,16.0
Joleté 2012 Olson Vineyard Cabernet Sauvignon (Dry Creek Valley),US,Cabernet Sauvignon,88,25.0
Treleaven 2012 Vintner's Cuvée Barrel Fermented Chardonnay (Finger Lakes),US,Chardonnay,88,30.0
Fazi Battaglia 2006 Passo del Lupo Riserva  (Conero),Italy,Red Blend,90,40.0
Fattoria Laila 2012  Verdicchio dei Castelli di Jesi,Italy,Verdicchio,89,12.0
Chateau Ste. Michelle 2015 Dry Riesling (Columbia Valley (WA)),US,Riesling,89,9.0
Hutter 2013 Loibner Kreutles Smaragd Grüner Veltliner (Wachau),Austria,Grüner Veltliner,90,29.0
MacPhail 2012 Anderson Creek Vineyard Pinot Noir (Anderson Valley),US,Pinot Noir,94,49.0
Finn Hill 2016 Blondie Rosé of Sangiovese (Rattlesnake Hills),US,Sangiovese,86,20.0
Concannon 2010 Reserve Petite Sirah (Livermore Valley),US,Petite Sirah,91,40.0
Franz Gojer-Glögglhof 2013 Glogglhof St. Magdalener Classico Schiava (Alto Adige),Italy,Schiava,89,25.0
Tasca d'Almerita 2009 Sallier de la Tour La Monaca Syrah (Sicilia),Italy,Syrah,90,30.0
Porta 2008 Reserva Cabernet Sauvignon (Aconcagua Valley),Chile,Cabernet Sauvignon,85,12.0
Willamette Valley Vineyards 2009 Whole Cluster Fermented Pinot Noir (Willamette Valley),US,Pinot Noir,87,20.0
Terre di San Venanzio Fortunato 2014  Valdobbiadene Prosecco Superiore,Italy,Glera,90,18.0
Louis Latour 2008  Clos de Vougeot,France,Pinot Noir,92,229.0
Pride Mountain 2013 Viognier (Sonoma County),US,Viognier,93,42.0
Monmousseau NV Cuvée J.M. Rosé Brut Sparkling (Touraine),France,Sparkling Blend,88,18.0
Michele Chiarlo 2010 Nivole  (Moscato d'Asti),Italy,Moscato,87,15.0
Penedo Borges 2012 Icono Malbec (Luján de Cuyo),Argentina,Malbec,91,25.0
Schug 2012 Cabernet Sauvignon (Sonoma Valley),US,Cabernet Sauvignon,88,30.0
Ochoa 2016 Calendas Garnacha Rosado (Navarra),Spain,Rosado,86,12.0
Poças 2014 Coroa d'Ouro Red (Douro),Portugal,Portuguese Red,87,12.0
Thörle 2012 Saulheimer Kalkstein Trocken Silvaner (Rheinhessen),Germany,Silvaner,90,28.0
Philippe Fontaine NV Cuvée des Lys Brut Blanc de Blancs Chardonnay (Champagne),France,Chardonnay,87,85.0
Venture Wines 2012 Chardonnay (Russian River Valley),US,Chardonnay,86,35.0
Lone Madrone 2012 Old Hat Red (Paso Robles),US,Red Blend,90,45.0
Patricia Green Cellars 2015 Freedom Hill Vineyard Pommard Clone Pinot Noir (Willamette Valley),US,Pinot Noir,93,48.0
Tahbilk 2013 Cabernet Sauvignon (Nagambie Lakes),Australia,Cabernet Sauvignon,87,23.0
Foley 2013 Bar Lazy S Ranch Pinot Noir (Sta. Rita Hills),US,Pinot Noir,91,55.0
Markus Huber 2011 Hugo Grüner Veltliner (Niederösterreich),Austria,Grüner Veltliner,86,12.0
Bugay 2007 Incline One-Nine Reserve Cabernet Sauvignon (Sonoma County),US,Cabernet Sauvignon,88,90.0
David Girard 2008 Estate Vineyard Mourvèdre (El Dorado),US,Mourvèdre,84,34.0
York Mountain Winery 2006 Albariño (Edna Valley),US,Albariño,87,16.0
Castoro Cellars 2014 Chardonnay (Paso Robles),US,Chardonnay,87,16.0
Cycles Gladiator 2006 Cabernet Sauvignon (Central Coast),US,Cabernet Sauvignon,81,10.0
Château Haut-Peyrous 2008 Pêche au Carrelet  (Graves),France,Bordeaux-style White Blend,90,33.0
Château Tour de Mirambeau 2007  Bordeaux Blanc,France,Bordeaux-style White Blend,89,13.0
Jermann 2001 Vintage Tunina White (Venezia Giulia),Italy,White Blend,90,49.0
Belliard Vins Selections 2014 Excellence de Belliard  (Pomerol),France,Merlot,87,128.0
Bocopa 2014 Señor Sierra de Alicante Tempranillo (Alicante),Spain,Tempranillo,87,10.0
Keller 2014 La Cruz Vineyard Pinot Noir (Sonoma Coast),US,Pinot Noir,93,45.0
Vicente Gandia 2016 El Miracle 120 Aniversario Shiraz-Garnacha Rosé (Valencia),Spain,Rosé,85,15.0
Te Awa 2004 Zone 2 Syrah (Hawke's Bay),New Zealand,Syrah,88,60.0
Standing Stone 2006 Chardonnay (Finger Lakes),US,Chardonnay,83,10.0
Santa Alicia 2014 Reserva Espiritu de Los Andes Estate Bottled Merlot (Maipo Valley),Chile,Merlot,83,12.0
Montes 2010 Classic Series Merlot (Colchagua Valley),Chile,Merlot,83,12.0
Bonacchi 2014 Il Selciato  (Rosso di Montalcino),Italy,Sangiovese,85,20.0
San Pedro 2007 Castillo de Molina Reserva Shiraz (Maule Valley),Chile,Shiraz,87,12.0
Glen Carlou 2006 Chardonnay (Paarl),South Africa,Chardonnay,86,16.0
Château Bel-Air Ortet 2009  Saint-Estèphe,France,Bordeaux-style Red Blend,90,35.0
Talomas 2000 Cabernet Sauvignon-Merlot (California),US,Cabernet Sauvignon-Merlot,85,14.0
Errazuriz 2012 Don Maximiano Founder's Reserve Red (Aconcagua Valley),Chile,Red Blend,90,95.0
Adami NV  Prosecco Superiore di Cartizze,Italy,Prosecco,90,32.0
El Enemigo 2014 Gran Enemigo Gualtallary Single Vineyard Cabernet Franc (Mendoza),Argentina,Cabernet Franc,91,120.0
Keuka Spring 2009 Chardonnay (Finger Lakes),US,Chardonnay,87,14.0
J. Wilkes 2009 Pinot Noir (Santa Maria Valley),US,Pinot Noir,86,24.0
Anthony Nappa 2014 Sciardonné Chardonnay (North Fork of Long Island),US,Chardonnay,89,20.0
Louis Latour 2015 Château Corton Grancey  (Corton),France,Pinot Noir,95,165.0
Mauro Veglio 2012 Rocche dell'Annunziata  (Barolo),Italy,Nebbiolo,92,69.0
Quinta da Lapa 2013 Homenagem Reserva Red (Tejo),Portugal,Portuguese Red,91,30.0
Terlato 2009 Angels' Peak Merlot-Cabernet Franc (Napa Valley),US,Merlot-Cabernet Franc,90,48.0
DFJ Vinhos 2009 Grand'Arte Alicante Bouschet (Lisboa),Portugal,Alicante Bouschet,91,13.0
Rocca del Principe 2010  Fiano di Avellino,Italy,Fiano,86,24.0
Wooldridge Creek 1998 Cabernet Sauvignon (Applegate Valley),US,Cabernet Sauvignon,84,18.0
Sierra Norte 2014 Pasión de Bobal (Utiel-Requena),Spain,Bobal,87,15.0
Domaine de Pellehaut 2016 Harmonie de Gascogne Red (Côtes de Gascogne),France,Red Blend,84,12.0
Château Fleur de Plaisance 2014  Côtes de Bourg,France,Bordeaux-style Red Blend,87,20.0
Château de Landure 2005 Red (Minervois),France,Rhône-style Red Blend,85,10.0
Urban 2012 Nik. Weis Selection Riesling (Mosel),Germany,Riesling,90,12.0
Yardstick 2010 Ruth's Reach Cabernet Sauvignon (Napa Valley),US,Cabernet Sauvignon,86,25.0
For a Song 2010 Cabernet Sauvignon (Columbia Valley (WA)),US,Cabernet Sauvignon,85,15.0
Marqués de Cáceres 2012 Viura (Rioja),Spain,Viura,87,9.0
Casal da Coelheira 2016 Reserva Branco White (Tejo),Portugal,Portuguese White,90,18.0
Francis Tannahill 2011 Dragonfly Gewurztraminer (Washington),US,Gewürztraminer,87,25.0
Edmeades 2013 Zinfandel (Mendocino County),US,Zinfandel,86,20.0
Castello di Bolgheri 2010 Varvàra  (Bolgheri),Italy,Red Blend,92,29.0
Millésimé 2012 Le Jardin Viognier (Paso Robles),US,Viognier,83,28.0
McWilliam's 2013 Cabernet Sauvignon (Hilltops),Australia,Cabernet Sauvignon,90,15.0
Miklus 2011 Natural Art Ribolla Gialla (Delle Venezie),Italy,Ribolla Gialla,87,45.0
Cantina del Pino 2012  Barbera d'Alba,Italy,Barbera,90,30.0
Maryhill 2013 Malbec (Columbia Valley (WA)),US,Malbec,86,24.0
Domaine Vincent Girardin 2010  Echézeaux,France,Pinot Noir,94,141.0
Tarara 2010 Late Harvest Petit Manseng (Virginia),US,Petit Manseng,87,30.0
Kenwood 2011 Zinfandel (Sonoma County),US,Zinfandel,86,14.0
Galatea Effect 2013 Conoscenti Rosé (California),US,Rosé,86,40.0
Fattoria Laila 2010 Lailum Bianco  (Verdicchio dei Castelli di Jesi),Italy,Verdicchio,85,22.0
Terre Rouge 2009 DTR Ranch Syrah (Fiddletown),US,Syrah,89,38.0
Chardenet 2012 Coteau Blanc Chardonnay (Carneros),US,Chardonnay,88,45.0
Herdade do Perdigão 2009 Terras de Monforte Red (Alentejo),Portugal,Portuguese Red,88,8.0
Fox Run 2010 Lemberger (Finger Lakes),US,Lemberger,87,18.0
Wynns Coonawarra Estate 2004 John Riddoch Limited Release Cabernet Sauvignon (Coonawarra),Australia,Cabernet Sauvignon,93,45.0
Tommasi 2012 Masseria Surani Ares Red (Puglia),Italy,Red Blend,86,13.0
Trisaetum 2014 Ribbon Ridge Estate Dry Riesling (Ribbon Ridge),US,Riesling,93,28.0
Osborne NV Cream Sherry (Jerez),Spain,Sherry,89,18.0
Altos de Sueño NV Brut Sparkling (Cava),Spain,Sparkling Blend,83,16.0
DaMa 2011 Chardonnay (Columbia Valley (WA)),US,Chardonnay,90,23.0
Kellerei Kaltern Caldaro 2011 Wadleith Chardonnay (Alto Adige),Italy,Chardonnay,88,24.0
Au Pied du Mont Chauve 2013 Les Demoiselles Premier Cru  (Puligny-Montrachet),France,Chardonnay,93,160.0
St. Urbans-Hof 2012 Leiwener Laurentiuslay Erste Lage Spätlese Riesling (Mosel),Germany,Riesling,91,55.0
Château Picoron 2015  Castillon Côtes de Bordeaux,France,Bordeaux-style Red Blend,91,23.0
Nuiton-Beaunoy 2011  Pommard,France,Pinot Noir,88,50.0
Keuka Spring 2010 Lemberger (Finger Lakes),US,Lemberger,87,19.0
Corteforte 2007 Podere Bertarole Ripassato  (Valpolicella Classico Superiore),Italy,"Corvina, Rondinella, Molinara",87,25.0
Goose Ridge 2014 Estate Bottled Pinot Gris (Columbia Valley (WA)),US,Pinot Gris,85,16.0
Girard 2011 Artistry Red (Napa Valley),US,Bordeaux-style Red Blend,87,40.0
Herzog 2012 Special Reserve Cabernet Sauvignon (Alexander Valley),US,Cabernet Sauvignon,90,42.0
Caves Velhas 2013 Topázio Red (Douro),Portugal,Portuguese Red,84,12.0
Macari 2013 Dos Aguas White (North Fork of Long Island),US,White Blend,87,27.0
Fabbioli Cellars 2010 Tannat (Virginia),US,Tannat,89,14.0
Mas Oncle Ernest 2008 Instant Présent Red (Ventoux),France,Rhône-style Red Blend,88,15.0
Buccia Nera 2010 Guarniente  (Chianti),Italy,Sangiovese,84,12.0
Ledson 2014 Estate Vineyard Pinot Noir (Russian River Valley),US,Pinot Noir,92,60.0
Cass 2010 Estate Grown Cabernet Sauvignon (Paso Robles),US,Cabernet Sauvignon,88,45.0
Château Fayau 2014 Médeville Collection  (Cadillac Côtes de Bordeaux),France,Bordeaux-style Red Blend,90,42.0
Jäger 2014 Steinriegl Federspiel Riesling (Wachau),Austria,Riesling,92,27.0
Trisaetum 2009 Coast Range Estate Pinot Noir,US,Pinot Noir,88,45.0
Foley Johnson 2013 Estate Bottled Cabernet Sauvignon (Rutherford),US,Cabernet Sauvignon,92,75.0
Carmina Burana 2008 Riesling (Columbia Valley (WA)),US,Riesling,91,25.0
Brander 2011 Clover Creek Vineyard Syrah (Santa Ynez Valley),US,Syrah,90,30.0
Cesari 2006 Il Bosco  (Amarone della Valpolicella Classico),Italy,"Corvina, Rondinella, Molinara",94,90.0
Graffigna 2007 Centenario Reserve Malbec (San Juan),Argentina,Malbec,86,12.0
Red Rock 2013 Reserve Malbec (Mendoza),Argentina,Malbec,84,14.0
Reininger 2013 Birch Creek Vineyard Semillon (Walla Walla Valley (WA)),US,Sémillon,87,36.0
Dunbar 2013 Estate Grown Zinfandel (Sonoma Valley),US,Zinfandel,90,32.0
Casa Rondeña Winery 2006 Calvin Clarion Red (New Mexico),US,Red Blend,83,28.0
Lagar de Indra 2012 Albariño (Rías Baixas),Spain,Albariño,90,14.0
Château les Charmes Godard 2014  Francs Côtes de Bordeaux,France,Bordeaux-style White Blend,87,20.0
Duca di Salaparuta 2004 Vajasindi Làvico Nerello Mascalese (Sicilia),Italy,Nerello Mascalese,89,19.0
La Calonica 2010 Girifalco Sangiovese (Cortona),Italy,Sangiovese,90,55.0
Domaine Matthias et Emile Roblin 2014 Enclos de Maimbray  (Sancerre),France,Sauvignon Blanc,91,30.0
Mumm Napa NV Cuvée M Sparkling (Napa Valley),US,Sparkling Blend,91,22.0
R&A; Pfaffl 2008 Austrian Pepper Grüner Veltliner (Niederösterreich),Austria,Grüner Veltliner,87,15.0
Hawk Watch Winery 2011 Signature Reserve Syrah (South Coast),US,Syrah,87,52.0
Barden 2015 Chardonnay (Sta. Rita Hills),US,Chardonnay,94,48.0
Chateau Burgozone 2012 Pinot Noir (Danube River Plains),Bulgaria,Pinot Noir,90,14.0
Lamoreaux Landing 2015 Red Oak Vineyard Riesling (Finger Lakes),US,Riesling,87,24.0
Sanglier Cellars 2010 Pinot Noir (Russian River Valley),US,Pinot Noir,87,36.0
San Felice 2011 Vigorello Sangiovese (Toscana),Italy,Sangiovese,90,55.0
Minassian-Young 2011 Grenache-Cinsault Rosé (Paso Robles),US,Rosé,92,16.0
Longevity 2012 Grenache (Livermore Valley),US,Grenache,85,30.0
Taylor Fladgate 2015 Quinta da Vargellas Vintage  (Port),Portugal,Port,95,58.0
Babcock 2012 Precocious Pinot Noir (Santa Barbara County),US,Pinot Noir,89,60.0
Girard 2009 Dutton Ranch - Mill Station Chardonnay (Russian River Valley),US,Chardonnay,90,30.0
Windmill 2010 Old Vine Zinfandel (Lodi),US,Zinfandel,84,12.0
Rudeles 2005 Original  (Ribera del Duero),Spain,Tempranillo Blend,86,23.0
Wellington 2002 Mohrhardt Ridge Cabernet Sauvignon (Sonoma Coast),US,Cabernet Sauvignon,90,20.0
Carobbio 2013  Chianti Classico,Italy,Red Blend,90,22.0
Signano 2005 Riserva  (Vernaccia di San Gimignano),Italy,Vernaccia,88,29.0
Goldeneye 2014 Confluence Vineyard Pinot Noir (Anderson Valley),US,Pinot Noir,93,82.0
Wagner 2012 Select Riesling (Finger Lakes),US,Riesling,85,13.0
Covenant 2015 Red C Red (Sonoma County),US,Red Blend,91,44.0
Viña Maipo 2015 Vitral Chardonnay (Chile),Chile,Chardonnay,86,11.0
Campelo 2014 Casal da Seara White (Vinho Verde),Portugal,Portuguese White,84,6.0
Cavatappi 2012 San Pietro Tuscan Style Red (Columbia Valley (WA)),US,Red Blend,91,23.0
Sheldrake Point 2016 Estate Bottled Pinot Gris (Finger Lakes),US,Pinot Gris,87,16.0
Havens 2014 Syrah (Napa Valley),US,Syrah,92,35.0
Bartalotti 2005 Reserve Cabernet Sauvignon (Rutherford),US,Cabernet Sauvignon,93,60.0
Airfield Estates 2011 Sauvignon Blanc (Yakima Valley),US,Sauvignon Blanc,86,15.0
Pascual Toso 2014 Alta Barrancas Vineyards Cabernet Sauvignon (Mendoza),Argentina,Cabernet Sauvignon,94,50.0
Vinkara 2014 Yasasin Kalecik Karasi (Ankara),Turkey,Kalecik Karasi,91,40.0
Domäne Wachau 2007 Wachau Collection Grüner Veltliner (Wachau),Austria,Grüner Veltliner,85,13.0
Williams Selyem 2010 Drake Estate Vineyard Chardonnay (Russian River Valley),US,Chardonnay,96,65.0
Attems 2013 Ramato Pinot Grigio (Venezia Giulia),Italy,Pinot Grigio,89,20.0
Terrenal 2013 Estate Bottled Malbec (Mendoza),Argentina,Malbec,80,5.0
Efeste 2009 Final-Final Cabernet Sauvignon-Syrah (Columbia Valley (WA)),US,Cabernet Sauvignon-Syrah,91,27.0
Casa Rivas 2010 Gran Reserva Syrah (Maipo Valley),Chile,Syrah,87,19.0
Hayes Valley 2015 Chardonnay (Monterey County),US,Chardonnay,84,12.0
Pellegrini Vineyards 2007 Estate Grown Cabernet Franc (North Fork of Long Island),US,Cabernet Franc,86,22.0
Rudi Schultz 2009 Syrah (Stellenbosch),South Africa,Syrah,91,30.0
Lucas Vineyards 2012 Chardonnay (Finger Lakes),US,Chardonnay,85,14.0
Michele Chiarlo 2011 Cerequio  (Barolo),Italy,Nebbiolo,94,101.0
Eola Hills 2005 La Creole Reserve Chardonnay (Oregon),US,Chardonnay,88,15.0
Apolloni 2006 Estate Reserve Pinot Noir (Willamette Valley),US,Pinot Noir,90,45.0
Santa Carolina 2011 Herencia Carmenère (Peumo),Chile,Carmenère,94,100.0
Wirra Wirra 2000 Scrubby Rise Red (Fleurieu Peninsula),Australia,Red Blend,87,10.0
Delgado Zuleta NV Premium Cream Sherry (Jerez),Spain,Sherry,87,16.0
Domaine Jean Bousquet 2010 Grande Reserve Chardonnay (Tupungato),Argentina,Chardonnay,87,25.0
Landmark 2014 Damaris Reserve Chardonnay (Sonoma Coast),US,Chardonnay,91,35.0
La Cave des Vignerons de Pfaffenheim 2014 Pfaff Tradition Riesling (Alsace),France,Riesling,89,16.0
Pedro Escudero 2005 Fuente Elvira - Fermentado en Barrica Verdejo (Rueda),Spain,Verdejo,86,22.0
Hogue 2014 Merlot (Columbia Valley (WA)),US,Merlot,85,8.0
Ojai 2014 Pinot Noir (Santa Barbara County),US,Pinot Noir,92,41.0
Walla Walla Vintners 2012 Cut Bank Estate Vottavo Red (Walla Walla Valley (WA)),US,Red Blend,91,60.0
Milo 2014 Gran Reserve Malbec (Mendoza),Argentina,Malbec,89,23.0
Arista 2014 Perli Vineyard Pinot Noir (Mendocino Ridge),US,Pinot Noir,91,44.0
Glenora 2016 Gewürztraminer (Finger Lakes),US,Gewürztraminer,87,15.0
Ricardo Santos 2009 La Madras Vineyard Malbec (Mendoza),Argentina,Malbec,86,19.0
Cavatappi 2015 Sangiovese (Columbia Valley (WA)),US,Sangiovese,87,12.0
Narmada 2015 Virginia Mom White (Virginia),US,White Blend,83,20.0
Château Rauzan-Ségla 2008  Margaux,France,Bordeaux-style Red Blend,93,105.0
Jean-Luc Colombo 2015 Cape Bleue Rosé (Mediterranée),France,Rosé,83,13.0
Château de Tabuteau 2012  Lussac Saint-Émilion,France,Bordeaux-style Red Blend,90,15.0
Claro 2013 Justo Merlot (Colchagua Valley),Chile,Merlot,88,17.0
Quinta do Casal Monteiro 2009 Forma de Arte Reserva Red (Tejo),Portugal,Portuguese Red,92,15.0
Producteurs Plaimont 2014 Château de Sabazan  (Saint-Mont),France,Red Blend,90,40.0
Écluse 2013 Rendition Red (Paso Robles),US,Rhône-style Red Blend,92,38.0
Château Crusquet Sabourin 2012  Blaye Côtes de Bordeaux,France,Bordeaux-style Red Blend,83,17.0
Domaine Guillaman 2016 Rosé de Pressée Rosé (Côtes de Gascogne),France,Rosé,85,15.0
Domaine Boyar 2015 Quantum Chardonnay (Danube River Plains),Bulgaria,Chardonnay,89,20.0
Olsen Estates 2008 Heritage Syrah (Yakima Valley),US,Syrah,91,45.0
Barone Pizzini 2012 Naturae Metodo Classico Sparkling (Franciacorta),Italy,Sparkling Blend,91,45.0
Campolargo 2010 Termão Red (Bairrada),Portugal,Portuguese Red,89,19.0
Domdechant Werner 2013 Hochheimer Hölle Kabinett Trocken Riesling (Rheingau),Germany,Riesling,89,28.0
Domaine de Cébène 2009 Les Bancèls Red (Faugères),France,Rhône-style Red Blend,88,20.0
Donatella Cinelli Colombini 2011  Brunello di Montalcino,Italy,Sangiovese,90,69.0
Black Stallion 2013 Limited Release Zinfandel (Rockpile),US,Zinfandel,90,45.0
Gouguenheim Winery 2009 Malbec (Mendoza),Argentina,Malbec,87,10.0
Cave de Turckheim 2015 Riesling (Alsace),France,Riesling,90,18.0
La Playa 2005 Block Selection Carmenère (Colchagua Valley),Chile,Carmenère,86,11.0
Castelgiocondo 2011  Brunello di Montalcino,Italy,Sangiovese,92,79.0
Star Lane Vineyard 2012 Estate Grown Sauvignon Blanc (Happy Canyon of Santa Barbara),US,Sauvignon Blanc,80,22.0
Gadais Père et Fils 2012 Domaine de la Tourmaline Sur Lie  (Muscadet Sèvre et Maine),France,Melon,86,14.0
Colinas do Douro 2015 Superior White (Douro),Portugal,Portuguese White,88,15.0
Porta 2006 Cima Cabernet Sauvignon (Aconcagua Valley),Chile,Cabernet Sauvignon,91,50.0
Companhia das Quintas 2009 Quinta da Fronteira Grande Escolha Red (Douro),Portugal,Portuguese Red,93,60.0
Sierra Madre 2006 Sierra Madre Vineyard Pinot Noir (Santa Maria Valley),US,Pinot Noir,85,42.0
Silver Veil 2015 Chardonnay (Russian River Valley),US,Chardonnay,88,20.0
Castillo de Sajazarra 2008 Reserva  (Rioja),Spain,Tempranillo Blend,91,35.0
Odfjell 2015 Orzada Made With Organic Grapes Carignan (Maule Valley),Chile,Carignan,90,21.0
Taittinger NV Prélude Grands Crus Brut  (Champagne),France,Champagne Blend,91,75.0
Château Bernadotte 2014  Haut-Médoc,France,Bordeaux-style Red Blend,91,40.0
Maximin Grünhäuser 2015 Herrenberg Grosse Lage GG Riesling (Mosel),Germany,Riesling,93,59.0
Emiliana 2009 Coyam Red (Colchagua Valley),Chile,Red Blend,87,34.0
"Rock Wall 2011 Kristen's Viognier, Nelson Ranch Viognier (Mendocino County)",US,Viognier,88,20.0
J Vineyards & Winery 2014 Estate Grown Pinot Noir (Russian River Valley),US,Pinot Noir,93,40.0
Tres Exilios 2012 Malbec (Mendoza),Argentina,Malbec,85,13.0
Casaloste 2011  Chianti Classico,Italy,Red Blend,87,18.0
Sokol Blosser 2012 Goosepen Block Pinot Noir (Dundee Hills),US,Pinot Noir,90,80.0
Quinta da Lapa 2014 Reserva Syrah (Tejo),Portugal,Syrah,86,18.0
Domaine Schoffit 2014 Lieu Dit Harth Tradition Riesling (Alsace),France,Riesling,89,25.0
Errazuriz 2010 Max Reserva Cabernet Sauvignon (Aconcagua Valley),Chile,Cabernet Sauvignon,88,20.0
Judd's Hill 2011 Cabernet Sauvignon (Napa Valley),US,Cabernet Sauvignon,87,50.0
Kestrel 2013 Falcon Series Estate Syrah (Yakima Valley),US,Syrah,89,25.0
Sadie Family 2012 Pofadder Cinsault (Swartland),South Africa,Cinsault,90,58.0
Domaine Zind-Humbrecht 2014 Rotenberg Pinot Gris (Alsace),France,Pinot Gris,93,60.0
Stinson 2013 Tannat (Monticello),US,Tannat,85,36.0
Waterbrook 2001 Sauvignon Blanc (Columbia Valley (WA)),US,Sauvignon Blanc,88,14.0
Palumbo Family Vineyards 2013 Sophia's Vineyard Cabernet Sauvignon (Temecula Valley),US,Cabernet Sauvignon,87,52.0
Roux Père et Fils 2004 Les Santenots Premier Cru  (Volnay),France,Pinot Noir,91,55.0
Kiona 2014 Estate Heart of the Hill Vineyard Malbec (Red Mountain),US,Malbec,88,35.0
Tasca d'Almerita 2007 Regaleali White (Sicilia),Italy,White Blend,86,12.0
Pepper Bridge 2013 Trine Estate Vineyards Red (Walla Walla Valley (WA)),US,Bordeaux-style Red Blend,91,65.0
Château Les Gravières de la Brandille 2010  Bordeaux Supérieur,France,Bordeaux-style Red Blend,89,28.0
Gorman 2009 The Pixie Syrah (Red Mountain),US,Syrah,89,45.0
Freixenet NV Cordon Rosado Sparkling (Cava),Spain,Sparkling Blend,82,12.0
En Garde 2014 Vista Luna Vineyard Borden Ranch Albariño (Lodi),US,Albariño,88,28.0
Aiken 2009 Pinot Noir (Sonoma Mountain),US,Pinot Noir,89,55.0
William Fèvre 2013 Les Preuses Grand Cru  (Chablis),France,Chardonnay,93,110.0
Carlisle 2013 Hayne Vineyard Zinfandel (Napa Valley),US,Zinfandel,94,50.0
Shaky Bridge 2005 Pinot Noir (Central Otago),New Zealand,Pinot Noir,88,30.0
Château de Nages 2012 Buti Nages Red (Costières de Nîmes),France,Rhône-style Red Blend,87,11.0
Billecart-Salmon NV Brut Rosé  (Champagne),France,Champagne Blend,91,80.0
Bertani 2001  Amarone della Valpolicella Classico,Italy,"Corvina, Rondinella, Molinara",93,90.0
Graziano 2013 Old Vine Carignane (Mendocino County),US,Carignane,91,19.0
Premius 1998  Bordeaux,France,Bordeaux-style Red Blend,86,10.0
Château Pape Clément 2014  Pessac-Léognan,France,Bordeaux-style White Blend,92,160.0
Renato Ratti 2012 Conca  (Barolo),Italy,Nebbiolo,93,80.0
Boekenhoutskloof 2005 Sémillon (Franschhoek),South Africa,Sémillon,87,29.0
Sonoma Cuvée 2012 Pinot Noir (Sonoma County),US,Pinot Noir,84,18.0
Terre del Marchesato 2008 Emilio Primo Vermentino (Toscana),Italy,Vermentino,87,15.0
Freeman 2009 Akiko's Cuvée Pinot Noir (Sonoma Coast),US,Pinot Noir,95,52.0
Château la Caminade 2006 Red (Cahors),France,Red Blend,88,14.0
Cantina di Puianello 2012  Lambrusco Grasparossa di Castelvetro,Italy,Lambrusco,84,14.0
The Eyrie Vineyards 2013 Estate Chardonnay (Dundee Hills),US,Chardonnay,92,27.0
Kenwood 2014 Merlot (Sonoma County),US,Merlot,87,15.0
Vivác Winery 2009 Petite Sirah (New Mexico),US,Petite Sirah,85,19.0
Donna Olga 2011  Brunello di Montalcino,Italy,Sangiovese,90,55.0
Mouchão 2011 Red (Alentejo),Portugal,Portuguese Red,96,55.0
Mastroberardino 2005 Radici  (Taurasi),Italy,Aglianico,92,60.0
Brancaia 2011 Tre Red (Toscana),Italy,Red Blend,86,23.0
Powers 2007 Cabernet Sauvignon (Columbia Valley (WA)),US,Cabernet Sauvignon,85,14.0
Bonavita 2011 Rosato (Sicilia),Italy,Rosato,81,25.0
Château des Mille Anges 2003  Premieres Côtes de Bordeaux,France,Bordeaux-style Red Blend,85,20.0
Cartlidge & Browne 2007 Merlot (North Coast),US,Merlot,86,12.0
Torrevieja 2015 Malbec (Mendoza),Argentina,Malbec,85,7.0
Tacama 2009 Gran Tinto Red (Ica),Peru,Red Blend,81,10.0
Miguel Torres 2011 Cordillera Chardonnay (Limarí Valley),Chile,Chardonnay,88,23.0
Dona Maria-Júlio Bastos 2013 Petit Verdot (Alentejano),Portugal,Petit Verdot,88,22.0
Producteurs Plaimont 2013 Terres d'Artagnan Cuvée Excellence White (Côtes de Gascogne),France,White Blend,86,7.0
Claiborne & Churchill 2012 Estate Riesling (Edna Valley),US,Riesling,90,28.0
Tormaresca 2009 Pietrabianca Chardonnay (Castel del Monte),Italy,Chardonnay,88,21.0
Brander 2008 Syrah (Santa Ynez Valley),US,Syrah,88,22.0
Santa Alicia 2014 Gran Reserva de Los Andes Chardonnay (Maipo Valley),Chile,Chardonnay,88,15.0
Talbott 2012 Sarah Case Sleepy Hollow Vineyard Pinot Noir (Santa Lucia Highlands),US,Pinot Noir,93,75.0
Rusack 2011 Reserve Chardonnay (Santa Maria Valley),US,Chardonnay,91,32.0
Aveleda NV Casal Garcia Medium Dry Sparkling (Vinho Verde),Portugal,Portuguese Sparkling,84,11.0
Diatom 2016 Spear Chardonnay (Sta. Rita Hills),US,Chardonnay,91,36.0
St. Francis 2012 Claret (Sonoma County),US,Claret,87,20.0
C R Graybehl 2016 Grenache Rosé (Sonoma Valley),US,Rosé,90,22.0
Yvon Mau 2006 Château Ducla  (Bordeaux Supérieur),France,Bordeaux-style Red Blend,87,13.0
Bründlmayer 2014 Terrassen Riesling (Kamptal),Austria,Riesling,93,25.0
Amizetta 2009 Terraced Hillside Estate Cabernet Sauvignon (Napa Valley),US,Cabernet Sauvignon,88,45.0
Caruso & Minini 2007 Timpune Grillo (Sicilia),Italy,Grillo,86,18.0
Château de Costis 2012  Bordeaux,France,Bordeaux-style Red Blend,85,12.0
Fulkerson 2013 Grüner Veltliner (Finger Lakes),US,Grüner Veltliner,86,14.0
Pomar Junction 2007 Brooster Fighting Red Red (Paso Robles),US,Red Blend,81,15.0
WillaKenzie Estate 2013 Gamay Noir,US,Gamay Noir,90,26.0
Gilles Flacher 2011 Cuvée Loess  (Saint-Joseph),France,Rhône-style White Blend,91,40.0
Gérard Bertrand 2009 Grenache-Syrah-Mourvèdre G-S-M (Corbières),France,G-S-M,88,20.0
Bolla 2010 Rétro  (Soave Classico),Italy,Garganega,85,10.0
Le Vigne di Domenico 2007 Petite Sirah (Paso Robles),US,Petite Sirah,87,30.0
Andis 2012 Painted Fields Red (Amador County),US,Red Blend,91,20.0
Honora NV Reserve Syrah (America),US,Syrah,86,35.0
Ca'Romè 2009 Sorì Rio Sordo  (Barbaresco),Italy,Nebbiolo,91,90.0
Tenuta Roveglia 2016 Wighel  (Lugana),Italy,Turbiana,90,18.0
Kiona 2012 Estate Bottled Lemberger (Red Mountain),US,Lemberger,90,15.0
Feudo di Santa Tresa 2007 Rina Ianca White (Sicilia),Italy,White Blend,87,13.0
Byington 2013 Byington Estate Pinot Noir (Santa Cruz Mountains),US,Pinot Noir,87,39.0
Maryhill 2011 Proprietor's Reserve Tavola Rosso Red (Columbia Valley (WA)),US,Red Blend,87,32.0
Il Mosnel 2009 EBB Extra Brut Chardonnay (Franciacorta),Italy,Chardonnay,90,49.0
Sonoma Coast Vineyards 2007 Freestone Hills Pinot Noir (Sonoma Coast),US,Pinot Noir,90,40.0
Camelot 1997 Pinot Noir (California),US,Pinot Noir,82,10.0
Parkers Estate 2012 Sauvignon Blanc (Sonoma County),US,Sauvignon Blanc,84,20.0
Forget-Brimont NV Brut Premier Cru  (Champagne),France,Champagne Blend,88,48.0
Patland 2013 Stagecoach Vineyard Select Barrel Reserve Cabernet Sauvignon (Napa Valley),US,Cabernet Sauvignon,94,175.0
MandraRossa 2008 Pinot Grigio (Sicilia),Italy,Pinot Grigio,86,10.0
Valentin Bianchi NV Brut Méthodo Tradicional Sparkling,Argentina,Sparkling Blend,86,15.0
Benziger 2016 Sauvignon Blanc (North Coast),US,Sauvignon Blanc,90,15.0
de Lancellotti 2014 La Sorella Pinot Noir (Willamette Valley),US,Pinot Noir,91,25.0
Pietro Zardini 2009  Amarone della Valpolicella,Italy,Red Blend,91,40.0
Undurraga 2008 Sibaris Reserva Especial Sauvignon Blanc (Leyda Valley),Chile,Sauvignon Blanc,87,17.0
Andis 2010 Reserve Petite Sirah (Sierra Foothills),US,Petite Sirah,89,32.0
Cantele 2007 Alticelli Fiano (Salento),Italy,Fiano,85,20.0
Castoro Cellars 2006 Reserve Syrah (Paso Robles),US,Syrah,82,20.0
Quinta do Vale Meão 2015 Vintage  (Port),Portugal,Port,87,80.0
Silver Thread 2013 Dry Rosé (Finger Lakes),US,Rosé,88,16.0
Domaine Costa Lazaridi 2016 Amethystos Rosé (Drama),Greece,Rosé,90,18.0
Domaine Schoffit 2014 Sommerberg Grand Cru Riesling (Alsace),France,Riesling,90,45.0
Eberle 2014 Vineyard Selection Cabernet Sauvignon (Paso Robles),US,Cabernet Sauvignon,88,24.0
Château Saint Baillon 2015 Réserve du Château Rosé (Côtes de Provence),France,Rosé,83,16.0
Krupp Brothers 2006 The Doctor Red (Napa Valley),US,Red Blend,94,75.0
Philo Ridge 2010 Marguerite Vineyard Pinot Noir (Anderson Valley),US,Pinot Noir,87,50.0
Zuccardi 2008 Zeta Malbec-Cabernet Sauvignon (Mendoza),Argentina,Malbec-Cabernet Sauvignon,92,45.0
Valdivieso 2010 Éclat Vigno Old Vine Dry-Farmed Carignan (Maule Valley),Chile,Carignan,90,35.0
Jasci & Marchesani 2014 Nerubè  (Montepulciano d'Abruzzo),Italy,Montepulciano,86,30.0
Kynsi 2005 Bien Nacido Vineyard Pinot Noir (Santa Maria Valley),US,Pinot Noir,93,36.0
Château Lestage Simon 2012  Haut-Médoc,France,Bordeaux-style Red Blend,88,30.0
Standing Stone 2008 Merlot (Finger Lakes),US,Merlot,82,20.0
Fairvalley 2015 Sauvignon Blanc (Western Cape),South Africa,Sauvignon Blanc,87,10.0
Columbia Crest 2007 Stone Tree Vineyard Reserve Zinfandel (Columbia Valley (WA)),US,Zinfandel,90,35.0
Castello Banfi 1999 San Angelo Pinot Grigio (Toscana),Italy,Pinot Grigio,88,13.0
J. Davies 2009 Cabernet Sauvignon (Diamond Mountain District),US,Cabernet Sauvignon,92,80.0
Spangler 2013 Cabernet Franc (Southern Oregon),US,Cabernet Franc,84,28.0
Cloudy Bay 2010 Pinot Noir (Marlborough),New Zealand,Pinot Noir,89,35.0
Château Vieux Cardinal Lafaurie 2012  Lalande de Pomerol,France,Bordeaux-style Red Blend,91,30.0
Fournier Père et Fils 2010 No 22  (Sancerre),France,Pinot Noir,90,85.0
Stephen Vincent 2012 Pinot Noir (Sonoma County),US,Pinot Noir,84,15.0
The Farm Winery 2013 The Big Game Red (Adelaida District),US,Red Blend,89,75.0
Greenwood Ridge 2013 Scherrer Vineyards Zinfandel (Sonoma County),US,Zinfandel,90,27.0
Altos Las Hormigas 2009 Colonia Las Liebres Bonarda (Mendoza),Argentina,Bonarda,89,10.0
Terrazas de Los Andes 2011 Single Vineyard Las Compuertas Malbec (Luján de Cuyo),Argentina,Malbec,92,60.0
Ballentine 2013 Estate Grown Old Vines Zinfandel (Napa Valley),US,Zinfandel,90,25.0
I Giusti e Zanza 2012 Nemorino Rosato Syrah (Toscana),Italy,Syrah,88,18.0
Casa de Vilacetinho 2016 Avesso & Loureiro White (Vinho Verde),Portugal,Portuguese White,90,13.0
Avenue 2007 Cabernet Sauvignon (Mendoza),Argentina,Cabernet Sauvignon,84,12.0
Red Car 2011 Syrah (Sonoma Coast),US,Syrah,91,38.0
El Fogón 2006 Torrontés (Mendoza),Argentina,Torrontés,87,10.0
Pol Roger NV Réserve Brut  (Champagne),France,Champagne Blend,90,50.0
Chateau Ste. Michelle 2013 Ethos Reserve Merlot (Columbia Valley (WA)),US,Merlot,91,45.0
Gilberto Boniperti 2012 Barton  (Fara),Italy,Nebbiolo,90,30.0
Provenance Vineyards 2013 Cabernet Sauvignon (Diamond Mountain District),US,Cabernet Sauvignon,92,90.0
Ca' Rugate 2011  Valpolicella Superiore Ripasso,Italy,Red Blend,86,28.0
Reverie 2005 Estate Cabernet Franc (Diamond Mountain District),US,Cabernet Franc,90,60.0
Helfrich 2009 Gewürztraminer (Alsace),France,Gewürztraminer,85,15.0
Gary Farrell 2013 Rochioli-Allen Vineyards Oak Puncheon Fermented Chardonnay (Russian River Valley),US,Chardonnay,92,60.0
Domaine de Suremain 2015 Les Crêts Premier Cru  (Mercurey),France,Pinot Noir,92,38.0
Saronsberg 2010 Provenance Shiraz Rosé (Tulbagh),South Africa,Rosé,84,12.0
Terra d'Aligi 2009 Pecorino (Terre di Chieti),Italy,Pecorino,86,11.0
Olivier Leflaive 2014 Les Cloux Premier Cru  (Rully),France,Chardonnay,89,39.0
Ravoire et Fils 2015 Domaine Bel Eouve Rosé (Coteaux d'Aix-en-Provence),France,Rosé,89,14.0
Restivo 2010 Reserve Cabernet Sauvignon (Patagonia),Argentina,Cabernet Sauvignon,84,15.0
Andrew Will 2013 Champoux Vineyard Red (Horse Heaven Hills),US,Bordeaux-style Red Blend,92,74.0
Vega Sindoa 2010 Chardonnay (Navarra),Spain,Chardonnay,81,14.0
Clos du Bois 2005 Sonoma Reserve Tempranillo (Alexander Valley),US,Tempranillo,88,23.0
Domaine Pfister 2014 Pinot Noir (Alsace),France,Pinot Noir,85,29.0
Stephen Ross 2014 Bien Nacido Vineyard Chardonnay (Santa Maria Valley),US,Chardonnay,93,30.0
Heron Hill 2015 Ingle Vineyard Riesling (Finger Lakes),US,Riesling,88,20.0
Davies 2014 Pinot Noir (Sonoma Coast),US,Pinot Noir,92,35.0
Charles & Charles 2015 Merlot Blend Red (Columbia Valley (WA)),US,Bordeaux-style Red Blend,87,14.0
Colterenzio 2014 Weisshaus Pinot Bianco (Alto Adige),Italy,Pinot Bianco,87,23.0
Korbel NV Chardonnay  (California),US,Champagne Blend,85,12.0
Merryvale 2014 Merlot (Napa Valley),US,Merlot,90,48.0
Schramsberg 2004 Brut Late Disgorged Blanc de Noir Pinot Noir (North Coast),US,Pinot Noir,94,95.0
Hightower 2013 Merlot (Red Mountain),US,Merlot,87,30.0
Hess 2014 19 Block Mountain Cuvée Red (Mount Veeder),US,Red Blend,90,45.0
Viña Cobos 2015 Bramare Marchiori Vineyard Chardonnay (Perdriel),Argentina,Chardonnay,90,46.0
Von Schleinitz 2014 Riesling (Mosel),Germany,Riesling,88,15.0
Il Poggione 2012  Brunello di Montalcino,Italy,Sangiovese,93,85.0
Domaine Rieflé-Landmann 2014 Steinert Grand Cru Riesling (Alsace),France,Riesling,93,32.0
Carmel 2007 Appellation Kosher Cabernet Franc (Upper Galilee),Israel,Cabernet Franc,86,24.0
Pope Valley Winery 2006 Bella Rosa Sangiovese (Napa Valley),US,Sangiovese,84,10.0
Apsara 2015 Kick Ranch Sauvignon Blanc (Sonoma County),US,Sauvignon Blanc,87,26.0
Pedroncelli 2015 East Side Vineyards Sauvignon Blanc (Dry Creek Valley),US,Sauvignon Blanc,87,15.0
Chatom Vineyards 2009 Syrah (Calaveras County),US,Syrah,85,23.0
Ackerman 2011 Cabernet Sauvignon (Coombsville),US,Cabernet Sauvignon,88,75.0
Altemasi NV Brut Chardonnay (Trento),Italy,Chardonnay,88,24.0
Terre Rouge 2011 Monarch Mine Vineyard Syrah (Sierra Foothills),US,Syrah,94,30.0
Ponzi 2008 Abetina Vineyard Pinot Noir (Willamette Valley),US,Pinot Noir,93,100.0
Trimbach 2015 Gewurztraminer (Alsace),France,Gewürztraminer,92,27.0
Le Salette 2010 Pergole Vece Riserva  (Amarone della Valpolicella Classico),Italy,Red Blend,90,151.0
Still Waters 2013 Chardonnay (Paso Robles),US,Chardonnay,85,22.0
The Lane NV Lois Blanc de Blancs  (Adelaide Hills),Australia,Champagne Blend,85,20.0
Sleight of Hand 2013 Levitation Syrah (Columbia Valley (WA)),US,Syrah,93,45.0
Highway 12 2006 Estate Syrah (Sonoma Valley),US,Syrah,84,28.0
Quinta da Lapa 2016 Nana Branco White (Tejo),Portugal,Portuguese White,84,17.0
Boekenhoutskloof 2010 The Wolftrap Viognier-Chenin Blanc-Grenache Blanc White (Western Cape),South Africa,White Blend,86,11.0
Château du Seuil 2008  Graves,France,Bordeaux-style Red Blend,89,25.0
Weingut Georg Albrecht Schneider 2015 Niersteiner Hipping Auslese Riesling (Rheinhessen),Germany,Riesling,90,15.0
Duckhorn 2014 Sauvignon Blanc (Napa Valley),US,Sauvignon Blanc,90,29.0
Main & Geary 2011 Pinot Grigio (California),US,Pinot Grigio,85,13.0
Château Roubine 2016 Inspire Rosé (Côtes de Provence),France,Rosé,93,40.0
Hanzell 2011 Sebella Chardonnay (Sonoma Valley),US,Chardonnay,89,36.0
Fullerton 2015 Lux Chardonnay (Willamette Valley),US,Chardonnay,93,55.0
Loredan Gasparini 2016  Asolo Prosecco Superiore,Italy,Glera,89,29.0
Gray Ghost 2016 Adieu Late Harvest Vidal (Virginia),US,Vidal,85,28.0
Tenuta degli Ultimi NV Sanguefreddo Extra Dry  (Valdobbiadene Prosecco Superiore),Italy,Glera,89,17.0
Boheme 2014 Taylor Ridge Vineyard Chardonnay (Sonoma Coast),US,Chardonnay,91,45.0
Podere Guado al Melo 2008 Bacco in Toscana Red (Toscana),Italy,Red Blend,84,10.0
Altamira 2010 Navigato Family Selection Red (Uco Valley),Argentina,Bordeaux-style Red Blend,92,25.0
Salvestrin 2011 LeBlanc Crystal Spring Vineyard Sauvignon Blanc (St. Helena),US,Sauvignon Blanc,88,24.0
Girardet 2011 Estate Grown Riesling (Umpqua Valley),US,Riesling,90,18.0
Samsara 2009 Larner Vineyard Grenache (Santa Ynez Valley),US,Grenache,88,36.0
Fleur de Lyeth 2010 Red (California),US,Bordeaux-style Red Blend,85,11.0
Babcock 2013 Déjà Vu Pinot Noir (Sta. Rita Hills),US,Pinot Noir,94,60.0
Oberon 2014 Sauvignon Blanc (Napa Valley),US,Sauvignon Blanc,88,18.0
Château d'Aqueria 2016  Tavel,France,Rosé,92,16.0
MommyJuice NV White (Central Coast),US,White Blend,84,10.0
J. Wilkes 2015 Chardonnay (Santa Maria Valley),US,Chardonnay,88,22.0
Etude 2012 Cabernet Sauvignon (St. Helena),US,Cabernet Sauvignon,92,115.0
S.A. Prüm 2014 Wehlener Sonnenuhr Auslese Grosse Lage Riesling (Mosel),Germany,Riesling,91,43.0
Torres 2008 Sangre de Toro Tempranillo (Catalunya),Spain,Tempranillo,85,12.0
Dr. H. Thanisch (Erben Müller-Burggraef) 2009 Bernkasteler Badstube Kabinett Riesling (Mosel),Germany,Riesling,90,22.0
Bodegas Virgen del Águila 2010 Circles Syrah & Garnacha Syrah-Grenache (Cariñena),Spain,Syrah-Grenache,80,10.0
Mazzocco 2006 Warm Springs Ranch Zinfandel (Dry Creek Valley),US,Zinfandel,82,32.0
Gérard Bertrand 2013 Château La Sauvageonne Grand Vin White (Coteaux du Languedoc),France,Rhône-style White Blend,89,45.0
Envy 2012 Rosé (Napa Valley),US,Rosé,85,28.0
Terra Valentine 2004 Yverdon Vineyard Cabernet Sauvignon (Spring Mountain District),US,Cabernet Sauvignon,93,70.0
Agricoltori del Chianti Geografico 2013  Chianti Colli Senesi,Italy,Red Blend,89,14.0
Whiplash 2013 Zinfandel (Lodi),US,Zinfandel,86,14.0
Pascual Toso NV Toso Brut Sparkling (Mendoza),Argentina,Sparkling Blend,82,10.0
Brandborg 2012 Riesling (Elkton Oregon),US,Riesling,88,16.0
La Rochelle 2007 Pinot Noir (Santa Cruz Mountains),US,Pinot Noir,86,38.0
Battaglio 2013 Serragrilli  (Barbaresco),Italy,Nebbiolo,87,90.0
Espaço Rural 2014 Bojador Branco White (Alentejano),Portugal,Portuguese White,86,14.0
Alma Rosa 2006 El Jabali Vineyard Chardonnay (Sta. Rita Hills),US,Chardonnay,88,33.0
Château de Rousse 2011 Cuvée Sélection  (Jurançon),France,Gros and Petit Manseng,90,24.0
Fairvalley 2015 Chenin Blanc (Western Cape),South Africa,Chenin Blanc,83,10.0
For a Song 2012 Petit Verdot (Columbia Valley (WA)),US,Petit Verdot,89,14.0
Lyeth 2009 Reserve Meritage (Sonoma County),US,Meritage,87,16.0
Craggy Range 2006 Te Muna Aroha Pinot Noir (Martinborough),New Zealand,Pinot Noir,89,70.0
Casado Morales 2011 EME Monovarietal Alavesa  (Rioja),Spain,Graciano,91,30.0
Sleight of Hand 2007 Archimage Red Red (Walla Walla Valley (WA)),US,Red Blend,91,40.0
Montes 2013 Limited Edition Sauvignon Blanc (Leyda Valley),Chile,Sauvignon Blanc,84,16.0
Gracianna 2010 Suzanne's Blend Chardonnay (Russian River Valley),US,Chardonnay,84,34.0
Quinta de Sant'Ana 2010 Tinto Red (Lisboa),Portugal,Portuguese Red,89,22.0
Cantina di Sorbara NV Il Duomo Amabile  (Lambrusco di Modena),Italy,Lambrusco,86,12.0
Château Léoville Barton 2011  Saint-Julien,France,Bordeaux-style Red Blend,95,115.0
Longoria 2010 Cuvée Diana Chardonnay (Sta. Rita Hills),US,Chardonnay,90,36.0
Viña Bisquertt 2010 Ecos de Rulo Single Vineyard El Chequén Estate Cabernet Sauvignon (Colchagua Valley),Chile,Cabernet Sauvignon,89,20.0
Domaine Houchart 2014 Tête de Cuvée Rosé (Côtes de Provence),France,Rosé,90,20.0
La Posta 2015 Pizzella Malbec (Mendoza),Argentina,Malbec,86,18.0
Château Roc de Minvielle 2015 Cuvée Les Tourelles  (Bordeaux),France,Bordeaux-style Red Blend,85,15.0
Fiuza 2015 Red (Tejo),Portugal,Tinta Miúda,87,14.0
Terre di San Venanzio Fortunato NV Extra Dry  (Conegliano Valdobbiadene Prosecco Superiore),Italy,Glera,87,14.0
Thornton NV Millennium Cuvée  (California),US,Champagne Blend,91,21.0
Black Hills 2012 Nota Bene Red (Okanagan Valley),Canada,Bordeaux-style Red Blend,92,60.0
Kaiken 2006 Ultra Cabernet Sauvignon (Mendoza),Argentina,Cabernet Sauvignon,86,25.0
Amador Foothill Winery 2000 Hollander Vineyard Syrah (Sierra Foothills),US,Syrah,84,20.0
Sparkman 2011 Kingpin Cabernet Sauvignon (Red Mountain),US,Cabernet Sauvignon,93,62.0
Santa Rita 2011 Medalla Real Gran Reserva Carmenère (Colchagua Valley),Chile,Carmenère,87,20.0
Sequum 2013 Kidd Ranch Zinfandel (Napa Valley),US,Zinfandel,92,40.0
Girasole 2012 Chardonnay (Mendocino),US,Chardonnay,82,13.0
Kazmer & Blaise 2010 Primo's Hill Pinot Noir (Carneros),US,Pinot Noir,90,50.0
Vignerons de Bel Air 2011 Eté Intense  (Côte de Brouilly),France,Gamay,87,13.0
Cantina Valle Isarco 2014 Aristos Pinot Grigio (Alto Adige),Italy,Pinot Grigio,87,22.0
Château Mouton Rothschild 2011  Pauillac,France,Bordeaux-style Red Blend,95,600.0
Lamoreaux Landing 2014 Yellow Dog Vineyard Riesling (Finger Lakes),US,Riesling,87,20.0
Dry Creek Vineyard 2014 Heritage Vines Zinfandel (Dry Creek Valley),US,Zinfandel,90,22.0
Ancient Peaks 2013 Cabernet Sauvignon (Santa Margarita Ranch),US,Cabernet Sauvignon,90,18.0
Lundeen 2013 Juliard Vineyard Old Vine Riesling (Dundee Hills),US,Riesling,90,24.0
Bodegas Faustino 2009 Faustino VII  (Rioja),Spain,Tempranillo,87,11.0
Bogle 2008 Riesling (California),US,Riesling,88,9.0
Gård 2006 Lawrence Vineyards Cabernet Sauvignon (Columbia Valley (WA)),US,Cabernet Sauvignon,87,32.0
Weszeli 2016 Ried Loiserberg Riesling (Kamptal),Austria,Riesling,90,27.0
Dão Sul 2008 Monte da Cal Reserva Red (Alentejano),Portugal,Portuguese Red,90,20.0
Sidebar 2015 Sauvignon Blanc (High Valley),US,Sauvignon Blanc,90,20.0
DeTierra Vineyards 2012 Mesa del Sol Vineyard Syrah (Arroyo Seco),US,Syrah,92,28.0
Monte da Penha 2005 Reserva Red (Alentejo),Portugal,Portuguese Red,87,28.0
For a Song 2011 Olsen Vineyards Petit Verdot (Columbia Valley (WA)),US,Petit Verdot,85,20.0
Suacci Carciere Wines 2006 Heintz Vineyard Chardonnay (Russian River Valley),US,Chardonnay,90,45.0
Fenestra 2006 Sauvignon Blanc (Livermore Valley),US,Sauvignon Blanc,90,16.0
Casa Julia 2002 Merlot (Rapel Valley),Chile,Merlot,85,8.0
Soquel Vineyards 2015 Partners' Reserve Nelson Vineyard Chardonnay (Santa Cruz Mountains),US,Chardonnay,89,28.0
Campos de Luz 2010 Chardonnay-Viura-Muscat White (Cariñena),Spain,White Blend,83,11.0
Jasper Hill 2005 Emily's Paddock Shiraz-Cabernet Franc Shiraz (Heathcote),Australia,Shiraz,91,125.0
Sevilen 2007 Premium Tepe Vineyard Syrah-Merlot (Aegean),Turkey,Syrah-Merlot,90,30.0
